lng,lat
130.7239041,33.74434808
130.3270356,33.57849
130.2753378,33.572459
130.4491108,33.60089019
130.7278219,33.84628358
130.2942472,33.49440475
130.828237,33.88550739
130.9683806,33.7216085
130.4029544,33.57311711
130.4498514,33.51666303
130.8915071,33.87294369
130.8442851,33.86868456
130.3200987,33.59613967
130.5110741,33.28533592
130.8171668,33.87237214
130.5162659,33.48573133
130.8859738,33.88872864
130.9765044,33.7242255
130.8333878,33.88022078
130.4185882,33.59757647
130.4344189,33.00632578
130.4453355,33.22565889
130.4327323,33.57949611
130.5664328,33.30176033
130.5794823,33.22237483
130.4130563,33.58914847
130.3764957,33.55248308
130.4545711,33.54583556
130.835689,33.86544947
130.8613713,33.87084808
130.7504463,33.76951478
130.6592709,33.41621475
130.3246972,33.55385492
130.5647496,33.81046897
130.3226621,33.56799589
130.4608706,33.51048436
130.4548685,33.53728808
130.3197754,33.5720695
130.9028723,33.84129533
130.3956341,33.59048442
130.6949311,33.64563783
130.6935911,33.58194261
130.4202416,33.70281772
130.3683863,33.599703
130.6901398,33.64878419
130.9094515,33.83917136
130.5388289,33.44583872
130.4225066,33.66590042
130.4142095,33.58476933
130.4704989,33.53140406
130.4428359,33.53240967
130.7611294,33.88521272
130.7320217,33.76845617
130.897837,33.87069328
130.4790396,33.76538089
130.470198,33.59927867
130.746871,33.73488622
130.504043,33.29510694
130.175304,33.54001333
130.5575631,33.31291414
130.3555647,33.57005656
130.3308441,33.52356658
130.9828524,33.72798917
130.3913684,33.58623786
130.3330223,33.55166908
130.4934549,33.58047475
130.2021857,33.56533547
130.8553989,33.70817817
130.4192166,33.49587411
130.4511013,33.01341264
130.4410229,33.52501942
130.4655616,33.01097522
130.4191581,33.57707289
130.5352902,33.49442533
130.3775964,33.56864739
130.78294,33.87078394
130.1886629,33.56588686
130.5836212,33.46590972
130.4417677,33.54482397
130.5378807,33.31096283
130.4174616,33.5862565
130.4434249,33.53091597
130.8872183,33.88291642
130.7691627,33.34704386
130.4200109,33.58669431
130.4896166,33.52812747
130.5136034,33.31717036
130.4935917,33.52606203
130.4666412,33.129662
130.4806885,33.07276239
130.4346895,33.52691986
130.3127581,33.55326425
130.8677172,33.82816331
130.8032973,33.87048839
130.8474357,33.89739525
130.4205639,33.63565172
130.4791664,33.44593567
130.4189914,33.59090792
130.4445502,33.5590965
130.4461336,33.04021611
130.47009,33.53657456
130.4358964,33.15229517
130.5621158,33.21787969
130.9476379,33.70103522
130.8628077,33.87256903
130.3187357,33.55929064
130.3752414,33.21414897
130.4213234,33.58827536
130.2746841,33.58045331
130.4303516,33.61909158
130.5166234,33.58746372
130.7197222,33.86930956
130.416774,33.58952431
130.5809828,33.46314667
130.9695314,33.72021242
130.4503883,33.69553322
130.6144371,33.83525147
130.5246965,33.51368742
130.766701,33.852323
130.5031201,33.49870775
130.5342104,33.2171825
130.4892374,33.71430108
130.7371051,33.83916039
130.4531341,33.02219422
130.4709514,33.15137756
130.6950221,33.65935994
130.414314,33.58709408
130.9815453,33.79125422
130.4238054,33.59482611
130.5424175,33.33262097
130.8043156,33.65995131
130.6580799,33.62659875
130.9257595,33.83221444
130.8797787,33.86310344
130.8198674,33.88611272
130.4763923,33.73439897
130.3965729,33.58077461
130.8465651,33.88635256
130.4794571,33.58524264
130.4350242,33.64668425
130.468286,33.51061172
130.3960172,33.487483
130.4191933,33.57842014
130.4950985,33.52700622
130.5434566,33.80462125
130.8673547,33.87222197
130.4691092,33.51165464
130.4624651,33.51200931
130.5109918,33.268129
130.4436347,33.54661872
130.521061,33.48268489
130.4718577,33.77819175
130.4657804,33.54073289
130.4219792,33.56506428
130.6171749,33.849221
130.7688669,33.85955931
130.7337474,33.73905942
130.235645,33.56330633
130.3521881,33.58208439
130.4777858,33.59081331
130.446238,33.02858517
130.4467572,33.54904314
130.9893804,33.71394494
130.4333103,33.58937258
130.7974713,33.92310739
130.2985023,33.56351886
130.8872498,33.87774406
130.3920258,33.58517033
130.4567698,33.55813817
130.4325072,33.58747689
130.6883945,33.62370422
130.7290833,33.692071
130.4542712,33.67455186
130.9738451,33.70552306
130.8818653,33.81835411
130.8920751,33.86957933
131.0006892,33.68344533
130.7452238,33.77402919
130.4110815,33.54386889
130.7776421,33.67217322
130.6961723,33.58795472
130.4377171,33.19097683
130.7011645,33.66873092
130.3130995,33.54140889
130.6615415,33.65016294
130.4381521,33.23516025
131.0996728,33.61637861
130.5217473,33.30485542
130.4534904,33.51830797
130.3902914,33.58731283
130.4249811,33.56193072
130.474506,33.61156617
130.4141059,33.59442208
130.5513088,33.21250322
130.4832955,33.61705533
130.4062401,33.53884292
130.3146452,33.55879114
130.4726623,33.63896928
130.4760426,33.55359731
130.5340773,33.52263314
130.2784698,33.57311083
130.3235109,33.57714661
130.9589479,33.89955542
130.6756548,33.64125714
130.4731831,33.62322758
130.5232638,33.56068211
130.6740696,33.57715394
130.5435708,33.29578514
130.4553313,33.72174553
130.5648721,33.42002947
130.4489393,33.05797267
130.217109,33.56336539
130.4713281,33.53887281
130.5261203,33.32522586
130.3360501,33.55091547
130.8844514,33.88726097
130.7297535,33.79955606
130.4304132,33.5212965
130.8185667,33.86385464
130.4162527,33.17142017
130.4698732,33.51714886
130.6618825,33.41264625
130.3269471,33.55327281
130.7330919,33.84228242
130.5031524,33.51353811
130.7322532,33.80753603
130.3881601,33.56017775
130.1700533,33.54659061
130.685815,33.73201728
130.6941517,33.62267111
130.2355568,33.57033447
130.4292268,33.53587208
130.5360686,33.44344586
130.3168258,33.57163158
130.4298308,33.51522394
130.537519,33.30598775
130.4287816,33.68870406
130.6825687,33.79037664
130.4888666,33.52858572
130.6283077,33.74402092
130.5523282,33.21084828
130.4432243,33.55342547
131.0788308,33.63338314
130.3231241,33.57769528
130.5259825,33.32504439
130.5677589,33.79004128
130.613348,33.84720742
130.7270262,33.73761783
130.547392,33.31986694
130.8788951,33.85548897
130.7332533,33.80841669
130.4091858,33.58250517
130.7037121,33.74748014
130.6759768,33.58461225
130.7406612,33.643239
130.8371758,33.85371139
130.7830706,33.63150544
130.9334296,33.82279228
130.8372064,33.85370825
130.5553821,33.20653236
130.5505974,33.21693178
130.4093102,33.60467928
130.5391898,33.5314985
130.608796,33.77936058
130.4405323,33.63222383
130.4246756,33.57912803
130.8788366,33.85555033
130.4379754,33.57246933
130.9419981,33.83237006
130.8780418,33.84951211
130.9368017,33.8275775
130.9367683,33.82758094
130.4117053,33.53958067
130.5649235,33.45291367
130.5278574,33.48248525
130.4608153,33.56340694
130.9367868,33.82758797
130.5646743,33.45267106
130.5290035,33.48258503
130.4221532,33.5879605
130.5288289,33.48257492
130.5834097,33.61479678
130.3789618,33.48710322
130.2774146,33.57680122
130.9370193,33.83027778
130.6556621,33.83871125
130.5796374,33.71675592
130.5658431,33.74797336
130.4828514,33.59790083
130.976761,33.73271547
130.5812426,33.21733725
130.8004489,33.91808064
130.9839883,33.68825572
130.3430088,33.5669305
130.6065243,33.45316794
130.4350439,33.52317153
130.7217545,33.37136958
130.9531454,33.81063233
130.6866,33.47531786
130.5303315,33.31359744
130.6864784,33.47525453
130.5002611,33.32248294
130.3589879,33.58352061
130.4072882,33.53112622
130.3382503,33.58146036
130.401095,33.59193747
130.3479186,33.581238
130.3832721,33.58232189
130.3381484,33.58148533
130.468052,33.52151883
130.334606,33.55771339
130.4223272,33.59340283
131.0442708,33.65555019
130.563373,33.24655828
130.7209554,33.73988472
130.5122021,33.55774986
130.6099491,33.82957181
130.5396399,33.26475203
130.3932861,33.57924856
130.3703146,33.59599911
130.711783,33.82781742
130.4616396,33.57496319
130.3817654,33.43699144
130.4228813,33.26888164
130.7594419,33.72533128
130.4211654,33.58118317
130.5109874,33.30899239
130.4911041,33.30194878
130.5515138,33.40283147
130.4980364,33.24541178
130.430185,33.70984253
130.5805799,33.34477339
130.6184993,33.37167919
130.4138815,33.52012411
130.8743847,33.88791492
130.3835792,33.19293933
130.712565,33.66485847
130.6591608,33.66171156
130.4174816,33.51628364
130.4923308,33.53784217
130.3521823,33.58209475
130.6709085,33.61966442
130.8061463,33.63656247
130.8075349,33.63568481
130.5390511,33.29203878
130.9153418,33.89378633
130.8205952,33.64460247
130.7314813,33.79261058
130.4349909,33.65815808
130.6586631,33.63697961
130.79743,33.92282422
130.4265076,33.51461736
130.9685284,33.73364011
130.9999646,33.75689528
130.6910531,33.60672397
130.4219725,33.51047492
130.4236423,33.25913406
130.5015971,33.29131894
130.4236798,33.58668922
130.4460254,33.05748228
130.4486611,33.60923986
130.4971357,33.58023539
130.7184349,33.79978789
130.5009826,33.63693661
130.6756067,33.58641261
130.4630631,33.62542631
130.5299418,33.28926539
130.7290136,33.80274314
130.8838693,33.87957153
130.6824622,33.63735097
130.4100661,33.61292428
130.3943135,33.55605819
130.5226833,33.57177844
130.4200203,33.61113914
130.4198637,33.66989414
130.8571276,33.73306397
130.5105449,33.49349789
130.3197156,33.59409111
130.9613817,33.94572956
130.4812752,33.50873475
130.4863069,33.57428117
130.7280344,33.76567625
130.5220191,33.28707575
130.3335583,33.53906336
130.5050943,33.49705219
130.3929944,33.60131153
130.4600146,33.72759969
130.8811153,33.88170858
130.6870386,33.8931595
130.3611199,33.55835844
130.4609891,33.52569533
130.8754764,33.87812114
130.7458379,33.82056581
130.485709,33.74145017
130.4208959,33.599705
130.4758054,33.74900628
130.4677296,33.52261167
130.7707304,33.69962858
130.5166349,33.58745586
130.5306126,33.56297686
130.5937644,33.40130222
130.4119774,33.53273053
130.7543179,33.86481869
130.7644932,33.85626192
130.8594786,33.863685
130.8814893,33.88639603
130.7944649,33.91594258
130.5729274,33.80890567
130.665532,33.39588578
130.7792569,33.89387836
130.7492438,33.8580435
130.3841964,33.51084211
130.4673812,33.70184172
130.8595163,33.86364578
130.9789404,33.74621411
130.4277718,33.12837097
130.7907618,33.64696458
130.4841062,33.72216192
130.4777092,33.51703611
130.4542508,33.70471686
130.492664,33.19901647
130.6701281,33.62142786
130.4048509,33.15212653
130.4731025,33.74206092
130.7822497,33.70196811
130.7976331,33.650043
130.867133,33.8649025
130.4941413,33.75620672
130.3901923,33.54757864
130.978723,33.76257375
130.5110583,33.31103625
130.8221287,33.87054786
130.2306875,33.49768314
130.2462449,33.58792986
130.4512833,33.67153758
130.7412614,33.83009289
130.723306,33.63743508
130.5132338,33.62173281
130.7060395,33.39681864
130.4221852,33.54176281
130.4280691,33.55209761
130.8581282,33.57083342
130.2256939,33.56308319
130.9701491,33.74367461
130.2635043,33.58177564
130.6372737,33.45375458
130.4431554,33.697601
130.4430856,33.69763778
130.5001873,33.29665264
130.4453266,33.62139333
130.3965366,33.55265864
130.4605764,33.611549
130.4076226,33.59239686
130.8111743,33.86428456
130.3419997,33.50069731
130.5198846,33.30443358
130.5028918,33.57041633
130.5184613,33.48274422
130.2786898,33.57233772
130.7371519,33.76392272
130.5195006,33.30912767
130.7546339,33.84122253
130.6760269,33.77231342
130.4311557,33.272373
130.5337259,33.79524844
130.5983797,33.7498755
130.4640035,33.71967511
130.7023098,33.64510303
130.7991494,33.66681586
130.5429055,33.78372122
130.4605703,33.51027844
131.0569684,33.65602283
130.5171976,33.28545597
130.3844205,33.43763122
130.8868134,33.85561878
130.4047189,33.58419142
130.186342,33.58233339
130.461018,33.57311994
130.8925305,33.87129797
130.5200723,33.28428494
130.4398933,33.539481
130.8866408,33.84327261
130.5050142,33.26286325
130.7044736,33.85828883
130.2705438,33.582004
130.7490028,33.753978
130.2481167,33.57414492
130.8359761,33.86562189
130.7446167,33.77533656
130.7096731,33.66399869
130.6761381,33.63424128
130.8460824,33.88622803
130.5998332,33.81219561
130.526795,33.48238258
130.9444199,33.81522278
130.4795868,33.14897719
130.7103666,33.786803
130.5353506,33.4944375
130.8883108,33.88732844
130.423885,33.70227828
130.8812101,33.87301558
130.3481598,33.58934658
130.5614428,33.81255367
130.3570727,33.58302503
130.3305862,33.54245408
130.8519933,33.90022708
130.3802178,33.20013339
130.4770431,33.53818536
130.3970816,33.55032222
130.3929516,33.54261572
130.980719,33.73907581
130.8057835,33.90328092
130.8746089,33.85642375
130.3045656,33.55853497
130.8987393,33.874564
130.46343,33.54314383
130.383179,33.58207017
130.4372583,33.60712356
130.4444901,33.56452125
130.4524088,33.70116625
130.9839773,33.72868092
130.4841547,33.75872544
130.9291857,33.83931817
130.8984437,33.85299525
130.4010172,33.58781642
130.9500198,33.85441339
130.7488903,33.88993736
130.4724556,33.6177435
130.5031248,33.22248997
130.7222532,33.3998395
130.6699521,33.62206147
130.425929,33.61106739
130.4276681,33.54948442
130.9123693,33.89312372
130.5382223,33.27780161
130.618741,33.38640772
131.0044956,33.70117114
130.4221323,33.58752125
130.6547815,33.61748258
130.3808924,33.20622575
130.4159592,33.56487044
130.8802335,33.8705595
130.4886623,33.52907367
130.4034844,33.60256767
130.4100137,33.59183361
130.5053353,33.22839964
130.4492187,33.57469239
130.717453,33.85725864
130.4157164,33.59517697
130.8407312,33.88621589
130.543036,33.29528631
130.8979449,33.85887547
130.6739253,33.41464133
130.4485473,33.69567792
130.1721816,33.54112989
130.4813702,33.51368622
130.3701776,33.59603061
130.7731258,33.89170786
130.4518353,33.65252408
130.5031083,33.57410094
130.8195433,33.59759875
130.3697139,33.54630067
130.4342293,33.64447056
130.7642438,33.56370161
130.4180955,33.56839758
130.4745731,33.52513575
130.7247494,33.86146714
130.7015751,33.87817225
130.5073043,33.23725017
130.4344091,33.65245803
130.5530079,33.31245964
130.4440222,33.52666589
130.4710271,33.72168389
130.4062482,33.57313328
130.4244848,33.59430789
130.3679746,33.57322803
130.4109686,33.15303411
130.8847024,33.82630731
130.4724853,33.18830683
130.8253238,33.64630683
130.8913693,33.88308475
130.745487,33.77770242
130.4590605,33.51010742
130.4376126,33.5421315
130.8749188,33.87113775
130.4177652,33.57774919
130.8821976,33.86628903
130.5482272,33.32013958
130.6533461,33.57614097
130.4251237,33.62034011
130.4903321,33.65553361
130.7095623,33.86894431
130.4915956,33.71650025
130.8206599,33.65043439
130.8749459,33.88448725
130.462631,33.53030253
130.4394627,33.65852322
130.8047152,33.90409519
130.4206569,33.56104106
130.4681214,33.62609639
130.8904846,33.87639381
130.3171782,33.58692306
130.4802978,33.75243792
130.7011494,33.66873567
130.9045263,33.84485381
130.4786947,33.05723936
130.5009247,33.57229672
130.4463322,33.02301783
130.4572704,33.27703528
130.7358069,33.86716981
130.8837208,33.86999494
130.5079405,33.51044417
130.2324783,33.59154603
130.4992952,33.16478678
130.8728048,33.871889
130.7995937,33.91032419
130.5587145,33.30897339
130.4866311,33.22123803
130.4412932,33.67323789
130.4187461,33.63466564
130.8017034,33.90961206
130.2729818,33.5723615
130.4038314,33.52703642
130.7927218,33.3468285
130.8818876,33.83931017
130.6980608,33.81848967
130.7958881,33.89192231
130.4795205,33.59185597
130.4971474,33.50606706
130.6134043,33.43929697
130.5908991,33.43160422
130.2675186,33.57323183
130.8039705,33.65142828
131.1764664,33.60595786
130.4548279,33.04045575
130.3416468,33.56296361
130.4604806,33.09594458
130.5247836,33.51040367
130.529639,33.30249294
130.2586992,33.57407169
130.2042546,33.55950572
130.337446,33.58201428
130.5992499,33.39379914
130.4357841,33.59817033
130.5875479,33.42644061
130.4832851,33.54622642
130.4533492,33.63923419
130.4199562,33.57895164
130.4384722,33.56990183
130.4246051,33.56424714
130.4265333,33.50898847
130.6669622,33.40715686
130.726278,33.74904811
130.2937029,33.58008539
130.7835743,33.86738589
130.5261649,33.29723014
130.7060494,33.87268767
130.9437235,33.92642261
130.4288812,33.560017
130.8984586,33.84878831
130.7027024,33.62683503
130.5501714,33.29799033
130.5200412,33.30430606
130.7215244,33.82421889
130.7815136,33.860162
130.2643439,33.58188414
130.5003585,33.29654978
130.2543086,33.57933344
130.4450124,33.03449739
130.4433755,33.51961614
130.9349799,33.81979972
130.4904978,33.54662631
130.7074805,33.84161836
130.3274305,33.578524
130.7069725,33.78038861
130.5168335,33.30049281
130.7325223,33.76739631
130.4850477,33.73276069
130.5142366,33.62329883
130.8580612,33.69950919
130.8997565,33.83908406
130.4561733,33.55751258
130.8721789,33.8794655
130.4622952,33.11664342
130.394759,33.59497122
130.3967071,33.58813736
130.8263176,33.87387878
130.4760646,33.52868358
130.9324638,33.83080761
130.9302639,33.89332014
130.6608819,33.4213515
130.5050033,33.27929611
130.8134583,33.87939333
130.7149374,33.63770028
130.6433783,33.42780647
130.414913,33.55624689
130.4375578,33.67940847
130.4926561,33.22635467
130.4687809,33.61821517
130.7196545,33.68002069
131.0558858,33.65646681
130.4653603,33.52826186
130.9611784,33.68399439
130.6440125,33.79663889
130.3467707,33.53720986
130.7385915,33.73999222
130.6676805,33.58525147
130.3992215,33.54043092
130.3104264,33.56656967
130.9619617,33.73170869
130.7872898,33.64540961
130.4632017,33.53124964
130.4600171,33.27087461
130.8657654,33.67839169
130.5398888,33.26185861
130.5177907,33.28624611
130.1552961,33.53522317
130.5286987,33.32368289
130.7615453,33.86016514
130.5368513,33.21077886
130.8386637,33.89925786
130.5007375,33.31177022
130.6291034,33.43844981
130.4361447,33.64855378
130.8888631,33.87623069
130.484245,33.53277667
130.8830097,33.86265592
130.4300353,33.54161836
130.7447165,33.84241803
130.676197,33.63455269
130.4956413,33.50834817
130.2611629,33.57886853
130.8570006,33.88411492
130.4327484,33.56283125
130.4766097,33.514507
130.4721624,33.54610761
130.3081113,33.55159419
130.4314339,33.58833592
130.5339575,33.497124
130.5087816,33.28455178
130.240345,33.56457094
130.6062246,33.86977794
130.4158084,33.16517139
130.8207892,33.90483889
130.8694591,33.90180889
130.4201194,33.62340006
130.3957387,33.58722808
130.7886939,33.62042608
130.4346062,33.62888292
130.4388864,33.6620055
130.4172015,33.57756925
130.452199,33.56090217
130.3456722,33.20235142
130.7444239,33.76742422
130.9278654,33.82807247
130.4386653,33.00726664
130.4822603,33.54311844
130.4662716,33.56767114
130.4118882,33.59269197
130.4825628,33.65467992
130.5190009,33.50324917
130.88621,33.86985697
130.7987772,33.86227961
130.7432612,33.79651183
130.6811639,33.36026408
130.3129548,33.55149106
130.7282839,33.65067228
130.4694283,33.62191769
130.4460704,33.57506111
130.4741571,33.75225183
130.4266056,33.63151108
130.5264484,33.77912881
130.7358749,33.76704733
130.4634428,33.51277794
130.364803,33.57528942
130.8003718,33.86849583
130.4273977,33.59183158
130.4395978,33.65831897
130.479288,33.55035853
130.3092098,33.54743722
130.9668533,33.72795572
130.5694608,33.80513722
130.7195801,33.68422275
130.1408458,33.56906758
130.3699821,33.546639
130.4967812,33.29655597
130.9505184,33.81679267
130.2425499,33.57558683
130.7322515,33.83618675
130.5903382,33.20940228
130.5333891,33.20965003
130.5603333,33.4236045
130.6843976,33.63600911
130.9449189,33.93395558
130.7149037,33.60261697
130.6806548,33.65668653
130.8795475,33.88209992
130.6049177,33.85362675
130.440635,33.02151397
130.4586613,33.60666611
130.3778162,33.55642653
130.4983645,33.29744508
130.4883691,33.6278335
130.715119,33.76362747
130.4543162,33.24006883
130.3091399,33.57972014
130.405544,33.59595875
130.6886364,33.79095378
130.9340781,33.90425047
130.2431473,33.56669847
130.8978139,33.8597105
130.8605707,33.87260433
130.5045194,33.22720317
130.4262465,33.55341656
130.4093099,33.60609508
130.5100426,33.49390158
130.4080224,33.59948353
130.7475596,33.75332067
130.8732862,33.86514439
130.3967612,33.5950855
130.8599541,33.61359808
130.6866661,33.65396483
130.6723769,33.73869956
130.8800707,33.86993697
130.5265353,33.50961142
130.5253076,33.3290395
130.4206589,33.65462342
130.8835225,33.88366108
130.6728336,33.60305175
130.8374341,33.90062331
130.6726594,33.57340186
130.4269053,33.52028583
130.396018,33.53547
130.4501901,33.66831211
130.7825073,33.92396986
130.9347136,33.84020414
130.5325018,33.49792111
130.3584963,33.58257522
130.4641231,33.52907383
130.3240014,33.51912525
130.508296,33.23381006
130.799482,33.91030244
130.4219675,33.60675392
130.4566153,33.67056072
130.6216249,33.84225814
130.4814056,33.59825094
130.8837238,33.86049739
130.5714691,33.79927567
130.3251577,33.57899064
130.3725062,33.57557447
130.9383317,33.90498328
130.2664943,33.58618181
130.4032326,33.57438447
130.8928327,33.86923322
130.451293,33.03858314
130.4580419,33.09980486
130.871724,33.84736533
130.8944999,33.83974186
130.4682044,33.25192589
130.9387993,33.91174689
130.7287508,33.88229803
130.4766166,33.51545281
130.4230306,33.57971811
130.555994,33.22608483
130.3822043,33.55282961
130.620637,33.22237578
130.4256554,33.53043025
130.4128532,33.58984217
130.4964235,33.50148864
130.2216706,33.57353494
130.2486962,33.60823594
130.2810529,33.572923
130.4908667,33.76382572
130.848769,33.88579367
130.7153699,33.68536761
130.5189932,33.29423456
130.5184372,33.48297947
130.5018932,33.500392
130.8879746,33.87743417
130.4507151,33.51731075
130.869082,33.84836869
130.5908924,33.79292703
130.320513,33.55061778
130.5229364,33.32096967
130.4874728,33.74403453
130.3456678,33.55172469
130.3580555,33.19368356
130.4922375,33.20841692
130.5000076,33.71130408
130.4261239,33.58252339
130.3628483,33.59084708
130.8043923,33.87094972
130.7432058,33.86410861
130.4153111,33.5933365
130.4401809,33.70112542
130.7449928,33.86408997
130.5069676,33.21159483
130.7295005,33.76639156
130.8470048,33.88597581
130.5585061,33.25330953
130.7046659,33.780814
130.5239659,33.30852392
130.7455596,33.77392861
130.7237521,33.82371806
130.4074213,33.24470283
130.4182589,33.58547517
130.4445037,33.16307969
130.5387202,33.47794439
130.4583465,33.50621439
130.3558999,33.55839303
130.4340072,33.51470422
130.2609121,33.58424847
130.7214908,33.81707875
130.6396461,33.73534233
130.5301125,33.49092139
130.3133793,33.55311453
130.8573235,33.87965364
130.8364187,33.88144308
130.895838,33.87086275
130.3725066,33.57563136
130.6818759,33.46837711
130.4650733,33.63626811
130.3633799,33.57730161
130.443097,33.52156069
130.550605,33.21694136
130.7385418,33.75134086
130.6515582,33.57607247
130.7480263,33.34664814
130.5209761,33.50982528
130.4617876,33.03641731
130.9771215,33.72727008
130.3479402,33.55514217
130.5512346,33.21128647
130.4513328,33.66094278
130.8236406,33.66063317
130.4224253,33.58881533
130.6818943,33.63979519
130.4706613,33.60332647
130.591062,33.38928006
130.9487987,33.72545311
130.4786231,33.53558519
130.7411218,33.92653883
130.3871467,33.20434208
130.4435024,33.51918489
130.6612286,33.65205222
130.4438161,33.61180106
130.4714152,33.61301814
130.8531524,33.87223511
130.7293461,33.64008439
130.489401,33.53747367
130.6120507,33.84250836
130.6569584,33.62853717
130.9033285,33.88200389
130.450309,33.61120528
130.9671478,33.80843319
130.7237536,33.59392258
130.3993209,33.53362053
130.8855197,33.85000539
130.8653704,33.84643986
130.6657344,33.40652833
130.4061093,33.57934708
130.7615343,33.85934872
130.4222164,33.51661506
130.483844,33.72416992
130.4437915,33.62960844
130.9776375,33.92557889
130.4055062,33.59250231
130.3075278,33.58358278
130.5119438,33.32289042
130.4229758,33.16661367
130.5123709,33.33867067
130.5170159,33.76980767
130.5035306,33.55765792
130.5101522,33.72978917
130.6842129,33.66433336
130.7290275,33.74615472
130.9316478,33.83812278
130.4218742,33.59589931
130.2590065,33.57662864
130.493886,33.51076114
130.7756088,33.86115417
130.7333167,33.603358
130.6504978,33.85059631
130.7397316,33.88863272
130.7155419,33.76370253
130.4265599,33.61728953
130.8273642,33.62053983
130.5019948,33.59522661
130.4494651,33.61997653
130.2321788,33.56047006
130.3865994,33.59259147
130.9398214,33.90414803
130.5493902,33.39619925
130.6303248,33.83782411
130.6888178,33.87203039
130.5167874,33.55838328
130.847598,33.87794086
130.355672,33.580125
130.4214573,33.19157747
130.5153222,33.48660814
130.5833076,33.34486533
130.4414628,33.60831156
130.4600203,33.56687814
130.4865008,33.57446447
130.7508284,33.84336997
130.8067411,33.60329356
130.4376088,33.65381872
130.6782121,33.73687
130.5342081,33.21650722
130.9357255,33.91264578
130.8720016,33.86747342
130.4167176,33.53585881
130.7170702,33.65885961
131.0078486,33.65379267
130.8583034,33.47512947
130.3109476,33.57236639
130.7990658,33.66676967
130.4997461,33.57370514
130.8889485,33.88398714
130.8927709,33.87124197
130.4712613,33.74617486
130.6251584,33.84566792
130.9715479,33.94904792
130.5164268,33.32358289
130.558648,33.79451025
130.4933508,33.55457961
130.5074637,33.31887975
130.3145453,33.54538614
130.24231,33.58076361
130.6910249,33.86897414
130.6977711,33.64141411
130.4142401,33.68883989
130.4172493,33.63648028
130.3995509,33.58970008
130.7767848,33.87031378
130.8613756,33.82353558
130.4341033,33.56190314
130.354995,33.56565078
130.4784864,33.273261
130.4582293,33.55612253
130.5756491,33.47973764
130.4642941,33.51386842
130.4784384,33.27113122
130.6918174,33.65460364
130.7920659,33.91832042
130.7349682,33.75010711
130.405166,33.60365775
130.8215415,33.66009508
130.4640397,33.61845217
130.4661938,33.60533953
130.521208,33.48258294
130.4086793,33.58739478
130.7565263,33.68806572
130.4761835,33.73288494
130.7009006,33.85131672
130.4732142,33.74197
130.398647,33.57799517
130.8982489,33.84777108
130.4572746,33.63283197
130.7777157,33.86677242
130.4800236,33.15843458
130.457884,33.55109825
130.5532034,33.62211669
130.7555788,33.86261436
130.3378372,33.52585628
130.8702442,33.86958942
130.4498341,33.55179836
130.6899195,33.79252642
130.4073686,33.17043164
130.8012418,33.92241417
130.3370569,33.57637356
130.8135673,33.65965219
130.7849401,33.65562433
130.6784066,33.584682
130.365606,33.56622103
130.4987941,33.75864722
130.8129161,33.87656361
130.4852191,33.51295822
130.4425301,33.51742142
130.4348878,33.028557
130.6648231,33.720443
130.7678318,33.84920014
130.4222895,33.58901839
130.3915436,33.55098036
130.4734903,33.62346019
130.2184062,33.56355575
130.7570476,33.759742
130.7420286,33.88544383
130.3913213,33.54384578
130.4291888,33.52174858
130.4825903,33.23488856
130.4023018,33.57699092
130.8116158,33.67265047
130.438149,33.68507164
130.9419049,33.81665833
130.2363102,33.57055075
130.3748152,33.57971253
130.6874306,33.62377786
130.7980677,33.62150689
130.4302876,33.61900858
130.3121777,33.58524883
130.6133817,33.41285753
130.4231275,33.63118261
130.3368573,33.54737956
130.5461224,33.62141247
130.4691826,33.54354408
130.4091401,33.58281892
130.4097657,33.57721936
130.5103384,33.28525589
130.3913834,33.5428235
130.4894915,33.24384669
130.2718234,33.57240183
130.7511986,33.849391
130.4116282,33.59257458
130.271631,33.58150911
130.8563345,33.88825886
130.4649711,33.01256114
130.5082239,33.24393422
130.4316299,33.57771247
130.2731086,33.57216403
130.3373286,33.57012664
130.4657574,33.54074161
130.8750134,33.83740239
130.7203355,33.85867397
130.5204111,33.49546244
130.7185789,33.85764403
130.6777183,33.64628833
130.5054189,33.49675689
130.711448,33.86487628
130.3758656,33.57380586
130.4579324,33.58893097
130.6967042,33.6697945
130.8095254,33.67082708
130.8566967,33.81520319
130.4389956,33.63725297
130.4384339,33.12146706
130.7317594,33.82356172
130.5948873,33.45609753
130.4580085,33.62616717
130.5603096,33.42102892
130.8694791,33.780082
130.7569291,33.75551556
130.3229841,33.56806478
130.4411775,33.19152392
130.691252,33.63901825
130.9487936,33.81031983
130.6831731,33.64938858
130.5145146,33.21587311
130.7095516,33.75626314
130.4100735,33.61294983
130.4539938,33.63663817
130.5313,33.51976136
130.4649023,33.05591436
130.5173296,33.29520378
130.6287322,33.86437822
130.6857834,33.85042933
130.4386353,33.62314061
130.5127346,33.3105495
130.4325709,33.53355358
130.4122765,33.57247111
130.4802453,33.58392608
130.4275769,33.560169
130.4377875,33.54670836
130.4284794,33.55672775
130.9588956,33.80686886
130.3367765,33.65279517
130.4496773,33.59589394
130.5214909,33.49630883
130.4041843,33.58474975
130.4407937,33.54391983
130.4178859,33.69746561
130.884945,33.88008558
130.3838992,33.59253078
130.4832967,33.77409658
130.3368372,33.55072403
130.4333818,33.69069858
130.8569453,33.87272411
130.9278007,33.839673
130.4814478,33.28131839
130.725437,33.86234272
130.5061426,33.56461661
130.3788646,33.59258131
130.2351173,33.57009789
130.8749878,33.82112894
130.5326079,33.21910572
130.9712214,33.71654692
130.7564947,33.89223194
130.8240289,33.87334075
130.4803504,33.58349647
130.3169173,33.59218556
130.5503591,33.32151744
130.8796204,33.85188367
130.5108429,33.31859764
130.4100781,33.54755075
130.4840198,33.51288067
130.4247516,33.63735986
130.9650527,33.94360644
130.699678,33.62506861
130.5235948,33.62975397
130.5377043,33.22079703
130.4357805,33.56112572
130.4507614,33.56928497
130.5026947,33.20149356
130.7482023,33.89026883
130.4391884,33.66118022
130.8700285,33.87020706
130.936155,33.83062967
130.7333782,33.87085917
130.4017382,33.58336675
130.2028763,33.560092
130.6731305,33.63432622
130.6731463,33.63440686
130.4118054,33.59596783
130.8947397,33.82571506
130.4462235,33.56232122
130.973903,33.75730422
130.4791919,33.57473467
130.8538269,33.63546558
130.6927671,33.8522935
130.4475169,33.53005919
130.2663896,33.58615592
130.3560393,33.56896872
130.8837128,33.87968914
130.4596238,33.53576247
130.4696923,33.55998667
130.6420752,33.12440836
130.9361768,33.84344367
130.7849642,33.65558325
130.858846,33.81380133
130.7989754,33.63068131
130.5899338,33.40811681
130.3316513,33.51862092
130.4618915,33.0296755
130.346471,33.57720683
130.4110277,33.59759153
130.5035145,33.512529
130.5334305,33.29793442
130.4618071,33.73023669
130.7995936,33.91036242
130.9845614,33.78552347
130.2068987,33.56062253
130.8156257,33.61518911
130.3464229,33.54540536
130.9302062,33.90577836
130.4988497,33.29609625
130.9384004,33.82806389
130.4361773,33.65786947
130.8882282,33.88622919
130.8652734,33.84319447
130.9272593,33.8397935
130.423801,33.69331978
130.5165352,33.511088
130.4136092,33.52441917
130.7523838,33.85201239
130.5034844,33.32051747
130.3585479,33.54301997
130.4644786,33.53220478
130.4326101,33.57936308
130.9654218,33.73396264
130.3947004,33.59709244
130.8969928,33.86368583
130.9190786,33.69973678
130.4965882,33.76076986
130.7486186,33.73215283
130.4223752,33.59626825
130.5006239,33.2176605
130.454056,33.67439142
130.7025906,33.74058658
130.9725592,33.87202911
130.8517963,33.61209761
130.4112596,33.61556367
130.5572788,33.78596894
130.8038054,33.86105789
130.4663658,33.55237811
130.4438327,33.56423597
130.3098278,33.56559511
130.4243389,33.13357472
130.4099735,33.58538167
131.0028641,33.70326256
130.8844619,33.88895806
130.855139,33.60227175
130.5020769,33.27614842
130.4152348,33.18356628
130.4254969,33.64672264
130.5272412,33.31101728
130.3343818,33.53320517
130.4220513,33.51048203
130.658927,33.64160503
130.921428,33.83159036
130.4283029,33.55481039
130.4205217,33.69114744
130.27259,33.57360789
130.359123,33.578202
130.7250921,33.74793208
130.4706401,33.50201844
130.6072396,33.32392214
130.71171,33.86422617
130.5545075,33.37550703
130.7121827,33.53198794
130.6138557,33.84746964
130.407543,33.24457603
130.3520026,33.56866317
130.5930881,33.60031039
130.43241,33.16470794
130.7453033,33.82206142
130.8167092,33.60738497
130.3536684,33.58199714
130.6644999,33.62169486
130.4260407,33.53309575
130.5256795,33.33646828
130.7470255,33.84897664
130.5529631,33.78551039
130.4732061,33.53435628
130.4688054,33.59911103
130.2594296,33.57416692
130.4805461,33.04639364
130.8685326,33.88122203
130.9028729,33.83803153
130.9484817,33.81067114
130.7223359,33.85944481
130.8676258,33.87635711
130.4686529,33.62639442
130.4371348,33.60125678
130.3364751,33.58218953
130.6934239,33.88822856
130.7334504,33.86895358
130.4625777,33.60923433
130.4185978,33.62030008
130.4996084,33.27551347
130.4393183,33.62277219
130.9359709,33.84335736
130.7766307,33.64343917
130.7375204,33.37704783
130.885388,33.87591231
130.3231545,33.57308858
130.8356344,33.65650306
130.4468525,33.02967111
130.4085316,33.58182689
130.6247875,33.38174053
130.6285676,33.43882661
130.8653822,33.84642672
130.4466119,33.23263306
130.478342,33.73724992
130.4799675,33.73889931
130.488461,33.53593928
130.4389865,33.56906469
130.7617046,33.85225778
130.912409,33.8383805
130.8692769,33.87223792
130.4983294,33.20057408
130.4067922,33.55560253
130.7689941,33.71814078
130.4941573,33.23603486
130.4389741,33.65372142
130.8793192,33.87238947
130.6918936,33.77842919
130.8884578,33.88031586
130.5437912,33.46776031
130.641953,33.75492011
130.417787,33.61958528
130.4023565,33.58094694
130.469614,33.01453656
130.6399437,33.84961531
130.3031085,33.57180625
130.4614171,33.54045314
130.7576493,33.75557058
130.7158273,33.6450795
130.8885224,33.83743992
130.4434369,33.65747358
130.4926288,33.65257247
130.8722361,33.85213189
130.4842768,33.11671272
130.6232516,33.37168636
130.5092508,33.58713344
130.9805888,33.75410836
130.4540532,33.61025806
130.4023083,33.58687469
130.4398109,33.62556472
130.6995867,33.89626406
130.4715296,33.72179067
130.4760303,33.52869622
130.5609632,33.36615617
130.3574835,33.55015947
130.6384971,33.60368953
130.528595,33.31446508
130.7459014,33.843524
130.7353546,33.71353197
130.3998054,33.60332325
130.7384784,33.73938992
130.8474264,33.39768681
130.4462386,33.16976361
131.0279487,33.67769261
130.4261895,33.57315692
130.8945784,33.84324114
130.3702335,33.58829711
130.5052872,33.28304836
130.7477005,33.73470439
130.4529023,33.68912567
130.3808367,33.54381625
130.9292512,33.83324142
130.457443,33.60229642
130.438655,33.58643097
130.5441894,33.31950689
130.351502,33.5772315
130.4721098,33.53813053
130.5201549,33.62271225
130.9632493,33.94353856
130.3774143,33.57750058
130.4499283,33.67003664
130.7365156,33.80912817
130.4329435,33.57927458
130.2423405,33.56575914
130.8588454,33.81392981
130.859586,33.87467992
130.6666774,33.40724758
130.4363281,33.57577725
130.3352396,33.55117689
130.7291558,33.87561739
130.849852,33.41931472
130.428084,33.54450186
130.4556712,33.64613231
130.5234867,33.32577028
130.6722595,33.65124575
130.7766761,33.86714869
130.4383436,33.58608722
130.6758098,33.64743483
130.7227877,33.89465508
130.4587316,33.72444394
130.8009863,33.91819114
130.3908656,33.20518728
130.3387938,33.52818153
130.8398518,33.88363453
130.8600643,33.81650639
130.7273169,33.84364531
130.8623947,33.89551978
130.4338877,33.56698533
130.5140874,33.28630975
130.6702609,33.77430894
130.9806363,33.75420286
130.4223261,33.58968392
130.8797079,33.84685825
130.8130174,33.87644728
130.4159992,33.58335903
130.7414394,33.86587597
130.5114543,33.33373139
130.3286369,33.55209681
130.40377,33.53918672
130.6082661,33.32482772
130.4955396,33.50240256
130.8652155,33.872571
130.9805851,33.75488533
130.9754036,33.80361617
130.4902605,33.62250122
130.549153,33.29002014
130.7509628,33.81584153
130.4219796,33.69603997
130.7807149,33.66766158
130.5048069,33.30537456
130.4506557,33.71631561
130.4523232,33.69020953
130.7892038,33.87042797
130.4356429,33.58212892
130.5986214,33.44787433
130.4848845,33.56679528
130.4077796,33.59082392
130.4198577,33.58763533
130.4484679,33.65423181
130.5409811,33.25375467
130.8377708,33.33746389
130.8512919,33.90088614
130.5564994,33.51328983
130.3270502,33.57904331
130.3502921,33.577199
130.8613785,33.81301831
130.4768733,33.72752553
130.2377513,33.58372797
130.2440004,33.54355242
130.4374605,33.59063419
130.533867,33.47862983
130.5056883,33.51517333
130.4116022,33.23966214
130.469317,33.56092386
130.4840307,33.50888078
130.4541739,33.50843078
130.7171785,33.87250022
130.6564616,33.40646247
130.4335845,33.60004147
130.438701,33.54211778
130.3144882,33.58557939
130.4401509,33.70071569
130.8235038,33.89188708
130.3789247,33.57819906
130.8732374,33.83718347
130.4605273,33.56232636
130.8599773,33.89309097
130.3892062,33.59353333
130.9364001,33.84346286
130.9566655,33.86764753
130.6907623,33.7716125
130.489803,33.49850025
130.5304487,33.79829064
130.5361741,33.50380175
130.9895369,33.88678058
130.7767371,33.66229931
130.4823094,33.63496197
130.4377165,33.19099211
130.5094497,33.64969675
130.9265695,33.74215725
130.3343534,33.58949322
130.665097,33.44194447
130.4825574,33.54580333
130.5421884,33.29442756
130.459246,33.649595
130.4535149,33.03715081
130.4884541,33.32691422
130.7839519,33.86733078
130.4999223,33.16505131
130.3475,33.577132
130.7271071,33.81229086
130.6752138,33.64672814
130.8691928,33.87232839
130.4825808,33.53401667
130.254471,33.57943597
130.3757328,33.21058508
130.4357918,33.59769108
130.4302031,33.52285908
130.4192623,33.50447464
130.5741473,33.21484169
130.819836,33.88597339
130.244724,33.58827144
130.4171571,33.56643336
130.4366044,33.23888583
130.3212011,33.53355942
130.4102327,33.54764906
130.7162783,33.61529286
130.746414,33.7357585
130.6880802,33.88964864
130.4603227,33.639197
130.7855953,33.64491769
130.8652866,33.67835222
130.9492174,33.90968175
130.7010676,33.82726444
130.5128538,33.33963856
130.357026,33.57044203
130.7065619,33.85731072
130.4899662,33.74788714
130.8604806,33.85831928
130.4670381,33.50281214
130.3898503,33.49444947
130.8582413,33.87732606
130.7925231,33.91523472
130.4978855,33.75731439
130.3520901,33.55283078
130.9728354,33.88573175
130.9305618,33.81647344
130.4036869,33.53152272
130.4412102,33.66658292
130.7208304,33.82518233
130.8942483,33.83989356
130.4328028,33.51143747
130.7582818,33.86165858
130.64633,33.40624294
130.4406393,33.63475533
130.6980428,33.40164114
130.8607722,33.68620528
130.5085073,33.21648878
130.9022999,33.83819042
130.7045271,33.66214317
130.472758,33.74986989
130.9676051,33.72534153
130.4553021,33.50855178
130.5263046,33.33441594
130.847929,33.88555258
130.4186828,33.252757
130.7398768,33.8887235
130.3038841,33.58213244
130.9710666,33.93994889
130.5006603,33.63038678
130.3167632,33.56827486
130.5246793,33.50770286
130.729569,33.78390139
130.5180959,33.61495819
130.4107718,33.61467064
130.4852271,33.54138528
130.5257085,33.49728347
130.4494289,33.60105147
130.4545206,33.72031306
130.5543088,33.32774008
130.3905046,33.56699867
130.8232902,33.89753742
130.8502751,33.61537039
130.5612054,33.78651117
130.1918886,33.55603472
130.4323671,33.64250264
130.2664384,33.58620292
130.4687443,33.72048994
130.9292859,33.83321211
130.9129732,33.834908
130.4053024,33.57401925
130.3892111,33.56170442
130.4801669,33.53195286
130.4586265,33.09616053
130.6977531,33.40184678
130.4656596,33.73721728
130.4645063,33.60087214
130.4114493,33.59331967
130.8802734,33.87088217
130.3964913,33.58608383
130.5256583,33.31441878
130.4467853,33.11112419
130.4213811,33.69980836
130.5299398,33.28928603
130.4253577,33.56912269
130.4384738,33.57024711
130.8026999,33.66401389
130.4878999,33.65281222
130.4524317,33.53956161
130.9610807,33.86192617
130.5449108,33.80642414
130.817864,33.86592897
130.7955503,33.91921678
130.4933515,33.7253945
130.5072277,33.23506975
130.9602321,33.86186647
130.8613584,33.677461
130.6931476,33.64553594
130.6933879,33.64500158
130.4263791,33.60130267
130.8913886,33.84009931
130.9566207,33.94330014
130.8129393,33.86944111
130.5062127,33.64582306
130.5011479,33.57212986
130.343464,33.53673875
130.7240815,33.87402814
130.4393933,33.53941758
130.7291682,33.89753178
130.7153418,33.88049197
130.8561093,33.87629036
130.401889,33.53987458
130.6857346,33.64426728
130.4437806,33.51508089
130.7694069,33.64290772
130.4506098,33.6945775
130.4375009,33.59064097
130.5185018,33.51080786
130.4778139,33.61957714
130.6785573,33.7059795
130.72472,33.87711894
130.7881774,33.89323683
130.7914833,33.61235778
130.7365178,33.83678739
130.3913873,33.24283994
130.5293936,33.32317875
130.4986067,33.29956158
130.4266134,33.63091939
130.3038607,33.56884083
130.6809393,33.64541892
130.6993559,33.62503833
130.9267934,33.70598889
130.3980362,33.59240128
130.9348859,33.90258228
130.7175489,33.88929236
130.5363227,33.29606172
130.2499025,33.58464264
130.3420399,33.56527422
130.5940149,33.40141561
130.5196046,33.20915386
130.8664731,33.87425375
130.7689997,33.85802486
130.627531,33.72883797
130.8513251,33.87379397
130.4501898,33.71280764
130.4207905,33.58265225
130.8397817,33.86286164
130.5153425,33.50964086
130.3858181,33.20248878
130.4247271,33.5360415
130.3762815,33.56031567
130.4542469,33.56933481
130.5222333,33.31498617
130.9439345,33.83723692
130.7367301,33.83334567
130.8293434,33.60197881
130.5151716,33.49214369
130.4205903,33.62510078
130.4431802,33.5165305
130.4799031,33.73887044
130.4342553,33.69197814
130.4348296,33.5936035
130.4580051,33.53435767
130.5225475,33.63036175
130.370267,33.55206003
130.4802528,33.73861742
130.3276306,33.54912883
130.9653256,33.73482461
130.7264398,33.62853414
130.4000352,33.20749328
130.8806208,33.88424942
130.6862699,33.72454517
130.5596012,33.78620611
130.4536689,33.55511181
130.8164398,33.89703869
130.3318116,33.58572381
130.3102429,33.56532447
130.9833319,33.76090353
130.7975056,33.92313442
130.8141488,33.88434486
130.5433038,33.80523167
130.4149586,33.61439286
130.5238735,33.62666614
130.983146,33.79700808
130.9034484,33.84254661
130.2455233,33.57620297
130.4526549,33.63286825
130.3992787,33.57057189
130.6631699,33.42350364
130.5278259,33.49594833
130.7373927,33.867011
130.4223266,33.63965444
130.7612966,33.69803228
130.4542037,33.54574303
130.9391485,33.73524489
130.860729,33.87395217
130.4231193,33.57808419
130.5392075,33.29297647
130.40213,33.54063242
130.4264862,33.61936189
130.4456454,33.54821828
130.452433,33.53214322
130.7446641,33.79317819
130.5062751,33.52162778
130.7068277,33.56483439
130.986581,33.88438097
130.6536542,33.40631403
130.7044206,33.60605139
130.9733625,33.86982686
130.3971576,33.59174247
130.4922985,33.76334092
130.4357449,33.52000708
130.4818369,33.76921283
130.5513611,33.46285739
130.2652245,33.57408892
130.7223613,33.8464155
130.7000027,33.85287497
130.4687491,33.54792706
130.4241807,33.61142628
130.4102506,33.54752392
130.5221041,33.49683981
130.4849778,33.7342535
130.4596995,33.58670658
130.3258539,33.54232989
130.4618026,33.25082425
130.8335041,33.8782385
130.4212264,33.53526628
130.4153762,33.56244786
130.3472449,33.56760908
130.5304277,33.18811881
130.255874,33.60400383
130.7170134,33.66958708
130.4505781,33.69525336
130.9358809,33.64680058
130.8854966,33.85960819
130.5130724,33.31800467
130.3701316,33.59610453
130.7719743,33.86619339
130.4448269,33.64527525
130.6860953,33.85094878
130.4009307,33.57089786
130.5085231,33.31159394
130.8021898,33.87078
130.6598044,33.43460186
130.4461699,33.16612278
130.4509709,33.70952781
130.5996288,33.81190553
130.8804723,33.87241428
130.3398084,33.58068619
130.7534618,33.65860917
130.6232745,33.37166297
130.4474928,33.56220011
130.8013555,33.65486569
130.4886839,33.50705986
130.4351626,33.67676822
130.8113621,33.35757786
130.9489349,33.72554625
130.6782026,33.67084497
130.3913196,33.58437719
130.751696,33.82553633
130.4341953,33.68778347
130.644623,33.84930794
130.4778529,33.55226328
130.804314,33.65995769
130.4268396,33.56238578
130.4713868,33.59483411
130.3507204,33.56387342
130.4715156,33.54393164
130.4360634,33.52378261
130.8834259,33.86078914
130.9554824,33.80944917
130.4456235,33.03685019
130.6726742,33.58465761
130.4028126,33.60186722
130.4306109,33.59829372
130.6152891,33.37921683
130.5054303,33.27773833
130.6545118,33.41725606
130.7220454,33.773732
130.3406944,33.49874769
130.8053973,33.901295
130.3205722,33.56823419
130.49238,33.32677636
130.9486471,33.81977275
130.4595094,33.61135033
130.4606028,33.61922511
130.5204216,33.49541883
130.855148,33.89887606
130.886398,33.83402353
130.4246374,33.55741331
130.4976429,33.75711878
130.4839576,33.63540942
130.5507648,33.39675672
130.776249,33.67703742
130.3305196,33.552299
130.8864973,33.84293092
130.4247429,33.66946892
130.4130321,33.590383
130.7301237,33.76528967
130.6792048,33.61129436
130.902645,33.84095603
130.3181514,33.58454758
130.4157247,33.62821686
130.4047697,33.17645797
130.8060878,33.91265444
130.9116457,33.83570808
130.7441115,33.71545417
130.6671638,33.62289553
130.3249791,33.55911022
130.7456631,33.84875786
130.5005577,33.50569139
130.6298911,33.21089894
130.7202795,33.68491394
130.8698802,33.8480725
130.4286932,33.55824653
130.4676456,33.50997789
130.9667382,33.94474839
130.8410759,33.89623375
130.4570971,33.5432915
130.8812007,33.86839308
130.8818601,33.85102022
130.4115189,33.59596814
130.880416,33.85202753
130.392054,33.60077928
130.7568373,33.72383794
130.7111644,33.64569808
130.7695331,33.64210761
130.4107389,33.63550117
130.932414,33.81840792
130.9627583,33.89405425
130.7196098,33.68475994
130.8291111,33.66229969
130.9642408,33.80340956
130.4827628,33.59854764
130.753435,33.36574636
130.8490434,33.87102744
130.4762797,33.62932672
130.5314175,33.28626711
130.4022764,33.57453111
130.5514713,33.38757975
130.5388373,33.48562289
130.4900227,33.76662533
130.3413322,33.58763775
130.6885809,33.88948364
130.2102782,33.56148553
130.1866202,33.52573417
130.6824008,33.61997656
130.411294,33.61559022
130.83491,33.64867672
130.2390211,33.56449211
130.6320984,33.74516025
130.4400644,33.21455172
130.4397167,33.65780472
130.4795559,33.48896464
130.8009222,33.65057244
130.5045841,33.62746506
130.4516859,33.65140308
130.5283673,33.24277433
130.4391583,33.65392922
130.8691419,33.8331025
130.9450831,33.93011278
130.4371754,33.69864036
130.7311989,33.73252078
130.418653,33.59775019
130.4977053,33.77261722
130.8727891,33.83494381
130.7392526,33.89274586
130.4124,33.57590486
130.6047264,33.80089839
130.8809744,33.84623217
130.923901,33.83061325
130.7021311,33.62646922
130.745004,33.79236439
130.6724139,33.41880964
130.5231789,33.63011772
130.390784,33.59025336
130.4805848,33.65007608
130.7823283,33.35475564
131.0002848,33.73249919
130.6692554,33.61934036
130.7695442,33.64209192
130.7354469,33.839998
130.6561983,33.40698583
130.4638108,33.63561022
130.8881684,33.877219
130.3970504,33.55031753
130.3973247,33.58099067
130.459573,33.53293314
130.4816105,33.646803
130.5019827,33.20987356
130.8665106,33.82908872
130.5418558,33.45041956
130.6677993,33.61129839
130.5302381,33.28930061
130.6795703,33.36649892
130.4800746,33.52579075
130.4335531,33.62477386
130.4427969,33.66362236
131.0067653,33.69830111
130.7657149,33.88885492
130.9423039,33.92898372
130.4264861,33.54191992
130.6865756,33.85084772
130.4401899,33.56776869
130.7116208,33.77376178
130.5142018,33.50079592
130.4846677,33.54535883
130.4161446,33.6970295
130.843448,33.90242678
130.6049569,33.40656058
130.3922879,33.58399761
130.5840457,33.34504531
130.4710991,33.50136353
130.885217,33.81366761
130.4504351,33.56911406
130.4721932,33.08035403
130.7478663,33.34746019
130.4101461,33.54759878
130.5541016,33.39550636
130.1261073,33.55731881
130.8580288,33.73172522
130.442606,33.54618942
130.4395548,33.62295206
130.5496538,33.30793514
130.357465,33.570652
130.5696281,33.80503567
130.7340293,33.86556506
130.6558531,33.41215961
130.4822957,33.65406147
130.493207,33.60018158
130.5047348,33.56831386
130.2574048,33.57308606
130.4406448,33.63306731
130.7395044,33.86465564
130.8332523,33.85536375
130.6876174,33.35020261
130.4339857,33.68989589
130.7247808,33.68965981
130.7878578,33.65640872
130.495399,33.52450931
130.8563281,33.89851292
130.4402971,33.70136214
130.6961559,33.41211814
130.6350261,33.43671483
130.8994334,33.88199947
130.4298174,33.51524811
130.7629403,33.64137758
130.5169156,33.63217739
130.4175031,33.56749661
130.6569749,33.64714667
130.4640778,33.57100036
130.7258568,33.87804647
130.888009,33.87789222
130.5876024,33.8030555
130.4481494,33.70349278
130.4823509,33.52175603
130.4054445,33.533245
130.4062136,33.15602039
130.9753435,33.78971839
130.4783645,33.64815964
130.4388812,33.61723714
130.4443409,33.60839792
130.4424528,33.66223981
130.4330379,33.53944089
130.3453347,33.55668164
130.4524674,33.55422817
130.4062297,33.53868589
130.8844163,33.86552253
130.4347805,33.60229547
130.7429015,33.86490989
130.9992934,33.68434072
130.8149816,33.60159528
130.7757804,33.63620881
130.8226063,33.89697053
130.4676184,33.510062
130.440179,33.53974844
130.338149,33.57449864
130.5353176,33.49422572
130.4019217,33.54009258
130.4905208,33.65377531
130.9423467,33.848142
130.3966081,33.59178419
130.4168459,33.61805967
130.3900584,33.59969103
130.8535108,33.57542417
130.4312865,33.589576
130.3215749,33.56811906
130.8590179,33.74683222
130.3777545,33.55402858
130.7753563,33.63692636
130.4283469,33.54990286
130.809491,33.91052528
130.8399769,33.89662203
130.4192291,33.61182622
130.0779182,33.5012665
130.3444461,33.56278
130.5477234,33.78459153
130.8799546,33.85950975
130.5266119,33.77918667
130.502491,33.20862431
130.4525416,33.65121708
130.4027774,33.58403767
130.6058106,33.37172558
130.8816271,33.85730358
130.8982867,33.85272703
130.4055346,33.58329856
130.5400354,33.47115794
130.497734,33.52519858
130.8337368,33.88047047
130.9603821,33.69165
130.4906585,33.31361928
130.4934927,33.23372203
130.4367778,33.606907
130.5429841,33.78355683
130.6903933,33.41482114
130.3780255,33.59601381
130.5049866,33.29512606
130.6382956,33.80138194
130.4470779,33.54472772
130.4057131,33.66400772
130.4272669,33.53800442
130.4627113,33.54386847
130.3518964,33.59126069
130.9401173,33.84634342
130.6494007,33.42787508
130.8248723,33.90206811
130.7032326,33.66714064
130.4002688,33.5888435
130.9156164,33.89383131
130.4206276,33.50725089
130.4286767,33.00777553
130.9179515,33.83237775
130.5280983,33.29573533
130.3518078,33.56840481
130.6184323,33.41318108
130.9085895,33.88498358
130.4292459,33.53554931
130.468408,33.59802603
130.4439314,33.64605425
130.6846278,33.61618311
130.7189521,33.75945333
130.6663385,33.58143867
130.4849059,33.7341785
130.5120856,33.33642539
130.5292604,33.29245608
130.7264118,33.78499581
130.2212386,33.59058433
130.3379501,33.55031583
130.5053558,33.22845217
130.9532566,33.73763997
130.4235462,33.66543233
130.9962419,33.72569492
130.4133272,33.55359256
130.90065,33.86997978
130.5154933,33.51109675
130.4895251,33.49847519
130.3670231,33.58215969
130.3299438,33.53601347
130.3709899,33.551075
130.4340769,33.68899583
130.419712,33.68991167
130.4198249,33.59827786
130.2231299,33.59813008
130.4390384,33.56353853
130.4694171,33.54681092
130.7954987,33.64906725
130.880881,33.84621497
130.4575522,33.61095872
130.4699652,33.546078
130.4519286,33.64336533
130.725834,33.84621525
130.3830987,33.18886081
131.1766594,33.5994475
130.3304484,33.54260008
130.7752863,33.86259308
130.3776617,33.57744447
130.4387968,33.61784808
130.5079301,33.59753561
130.4163677,33.56515853
130.9758789,33.76347825
130.6756659,33.64726267
130.7420557,33.89262419
130.4799281,33.63438492
130.5567445,33.34439836
130.6447006,33.58044403
130.5058086,33.26754267
130.4841289,33.76974803
130.9042689,33.84492383
130.3356058,33.49667003
130.4156614,33.62518083
130.5037783,33.59526244
130.9720206,33.71683353
130.5817294,33.79819769
130.5152635,33.50957069
130.5162544,33.485744
130.3788053,33.19303106
130.6707516,33.61867156
130.4052223,33.58970942
130.7719538,33.69710131
130.7942529,33.87208922
130.5887408,33.37289286
130.8791775,33.88347497
130.8614001,33.872537
130.8366718,33.88141458
130.4048203,33.18189811
130.7987623,33.61897672
130.7152064,33.88067167
130.4790537,33.591302
130.5544283,33.33010939
130.4129469,33.61350094
130.6576549,33.63218728
130.3589731,33.55276503
130.4199085,33.57758272
130.960316,33.86167256
130.8554984,33.89048017
130.9815579,33.74653425
130.329402,33.54230464
130.4354751,33.64740953
130.4383815,33.61051833
130.6882914,33.34339425
130.3913854,33.54304111
130.3644505,33.58154644
130.4256512,33.59434433
130.4126974,33.57464092
130.3752354,33.57671575
130.4508639,33.56951422
130.3742906,33.57631464
130.8151343,33.86473078
130.7179641,33.8648775
130.6911278,33.89145711
130.7162422,33.61530103
130.7264559,33.33409681
130.408945,33.60479533
130.8142386,33.64468497
130.5289249,33.28891556
130.4237498,33.63275622
130.5290266,33.51471219
130.8123759,33.87076581
130.477933,33.07880156
130.8499066,33.87304239
130.5564881,33.21009889
130.4624701,33.57372194
130.4678969,33.59857203
130.1700185,33.54662967
130.9828259,33.77962361
130.9708386,33.94602917
130.5078196,33.59739319
130.3974615,33.58654867
130.4255563,33.64865769
130.475393,33.53034433
130.677324,33.73028964
130.8889364,33.83837983
130.4966791,33.62696494
130.64423,33.55954864
130.5608931,33.42607667
130.4503371,33.02508058
130.4247601,33.52342133
130.4870378,33.53250842
130.7981235,33.61387728
130.3793194,33.59254397
130.3897415,33.59266411
130.883259,33.88112661
130.4481308,33.54382242
130.5211867,33.50594586
130.8156535,33.65782267
130.5832011,33.43652336
130.9798944,33.76942092
130.8673769,33.88946933
131.0539516,33.67425011
130.3155662,33.57764814
130.7924176,33.64819514
130.5578715,33.21718747
130.5440862,33.39378097
130.9687586,33.94892742
130.4467035,33.23704506
130.955669,33.80939208
130.922905,33.83019542
130.7271063,33.80574003
131.0024349,33.70357372
130.8442991,33.87987103
130.4401452,33.58114006
130.8118143,33.86426822
130.3584031,33.57530836
130.3459232,33.5810975
130.4408655,33.02059961
130.1451214,33.51651672
130.7223424,33.77329139
130.7893782,33.89325053
130.3624798,33.58439042
130.4932241,33.52931272
130.8646556,33.83162028
130.668414,33.79248986
130.2172919,33.61331514
130.5521678,33.23691169
130.5690829,33.80550853
130.5230312,33.63068303
130.7339198,33.88943539
130.4522962,33.01032567
130.6986416,33.81849611
130.489606,33.52806367
130.9085135,33.89189203
130.4215216,33.60278736
130.8223904,33.89693175
130.6003311,33.39983864
130.2133018,33.56242525
130.3482806,33.56339783
130.4835571,33.54881256
130.7661387,33.86585164
130.4857126,33.27726697
130.8667896,33.87231939
130.4327819,33.54196225
130.5297442,33.32300547
130.5453306,33.78396967
130.978273,33.74455781
130.3446316,33.54881933
130.4509062,33.70220653
130.8242017,33.62578922
130.4179388,33.56869036
130.3405464,33.56306222
130.9279458,33.70693872
130.609084,33.32417667
130.9007058,33.84440094
130.4280658,33.45649253
130.399117,33.59071414
130.9165732,33.69036878
130.4682027,33.54278711
130.4480464,33.52836778
130.8806096,33.87170647
130.9820263,33.71992594
130.4568897,33.61084436
130.9526236,33.72802239
130.9791846,33.77465144
130.4626842,33.56511522
130.454107,33.61024897
130.3915092,33.53693936
130.5902067,33.80847814
130.8551878,33.73445789
130.7777791,33.85118342
130.8551324,33.73437531
130.5136664,33.26789364
130.8011305,33.86964672
130.677617,33.84949669
130.4395174,33.62454997
130.455698,33.53313436
130.4530405,33.02756539
130.5717607,33.226569
130.7439673,33.79065178
130.425595,33.54189408
130.4856657,33.72898717
130.8221877,33.90169542
130.4237915,33.52320639
130.4524318,33.55657967
130.5170945,33.29155433
130.4348615,33.60653783
130.5661749,33.42483119
130.8075448,33.90738322
130.5808578,33.24306169
130.6755906,33.88206222
130.8183302,33.80783022
130.4514622,33.03685867
130.5186981,33.48205161
130.4398378,33.21431228
130.5631073,33.3964825
130.4604016,33.566932
130.4964255,33.60883853
130.4674668,33.51998422
130.4216842,33.16596086
130.3902725,33.22450669
130.496047,33.54824569
130.4178714,33.59380981
130.3941568,33.58354483
130.8867564,33.88482228
130.7198771,33.75970728
130.5614357,33.37774378
130.6863669,33.66469381
130.473097,33.27106042
130.4493568,33.26226253
130.3979971,33.54085333
130.8863993,33.87642922
130.4526038,33.61949228
130.4326028,33.53394297
130.3984955,33.54074514
130.7174386,33.78262836
130.3983937,33.54076611
130.9271866,33.90212586
130.4221591,33.58147133
130.8665234,33.87118081
130.4240686,33.5077565
130.4813149,33.58041544
130.5424429,33.33031586
130.8169554,33.57609469
130.6579969,33.41063558
130.8750646,33.86277539
130.4782485,33.53053989
130.4258842,33.19830486
130.630785,33.8482845
130.4954585,33.30702125
130.8733686,33.82791206
130.5173349,33.49616797
130.4769199,33.72852844
130.1611408,33.51970397
130.4737099,33.55567303
130.6296342,33.35499692
130.4352209,33.69490183
130.8751229,33.85739672
130.4809132,33.54835542
130.4686363,33.54407375
130.4640814,33.60394661
130.4259782,33.69151161
130.421996,33.54718942
130.502098,33.77021322
130.4552035,33.55358475
130.5255359,33.48705636
130.4551113,33.53694742
130.9792712,33.95654214
130.7052759,33.90009917
130.3847143,33.20672881
130.4003075,33.59255769
130.2335689,33.56160728
130.2732432,33.58096989
130.5421357,33.21130519
130.4289457,33.551936
130.7463535,33.79449922
130.4932654,33.60019814
130.4761831,33.73238867
130.5172011,33.31375308
130.4825578,33.5461115
130.4961526,33.50178942
130.9636028,33.74105667
130.9794289,33.75935089
130.8386887,33.89913897
130.3269688,33.55171011
130.3290442,33.56558961
130.4656098,33.73732467
130.426547,33.51065228
131.1268447,33.60150361
130.7508067,33.85835703
130.243213,33.56743492
130.4273813,33.55143581
130.4353989,33.69056747
130.4794023,33.55062814
130.3957302,33.58589711
130.7204577,33.89211569
130.4339803,33.56239925
130.4021803,33.57370633
130.4197418,33.56697253
130.4200264,33.58494258
130.7901167,33.63067525
130.4865719,33.69221533
130.2316651,33.55995333
130.927806,33.8871425
130.6842662,33.35997708
130.4374826,33.65135872
130.8952346,33.84932417
130.790166,33.63074053
130.5210678,33.51353578
130.3562496,33.56901919
130.7368518,33.814059
130.5788295,33.36571119
130.463939,33.73183286
130.4012128,33.539787
130.7357344,33.81969089
130.4468971,33.6682915
130.9810055,33.799671
130.5601112,33.22626939
130.5527017,33.32182122
131.0520034,33.65052211
130.7298439,33.34828747
130.4282939,33.55054803
130.528478,33.62322283
130.3053769,33.55838975
130.6663688,33.58146419
130.4438284,33.62763689
130.5400029,33.46464353
130.8510952,33.90078222
130.8239727,33.87185039
130.6905147,33.71715097
130.5834044,33.80808219
130.5242759,33.30751211
130.2301872,33.56435117
130.436747,33.62566414
130.6869703,33.71973189
130.3463634,33.57580122
130.4851163,33.54051969
130.735562,33.883433
130.4946915,33.52512322
130.9161504,33.84212678
130.8691846,33.87289989
130.2441543,33.56618847
130.4329722,33.64172111
130.8518601,33.88888689
130.4334349,33.54687786
130.4420402,33.00591447
130.8046305,33.86735908
130.8670245,33.82360497
130.4099811,33.59654778
130.8885014,33.86625953
130.8554068,33.70844225
130.5912852,33.4905965
130.4771352,33.53797664
130.4105067,33.60187914
130.7413543,33.75588261
130.4105981,33.59205378
130.9174276,33.69059681
130.4321468,33.63251297
130.5452472,33.78390264
130.5767357,33.77672636
130.5251334,33.77842489
130.5420069,33.55611597
130.8523065,33.80428397
130.5157513,33.77755336
130.8195529,33.86878067
130.424719,33.63468522
130.7626692,33.84817606
130.7416834,33.72443358
131.0183481,33.67114225
130.7874453,33.85511567
130.8155543,33.86760039
130.4865775,33.55256236
130.7236843,33.86274142
130.5397889,33.53509428
130.9760766,33.80323569
130.4942505,33.61962183
130.7400265,33.85232528
130.4850068,33.55264003
130.3368055,33.51152131
130.9846841,33.78593589
130.9982312,33.75184761
130.3462338,33.54403047
130.5226645,33.47738361
130.5064085,33.59524686
130.6355255,33.35380308
130.9335199,33.81759161
130.8745125,33.83836042
130.4706791,33.49609772
130.8574727,33.83149825
130.9225775,33.82996661
130.4192742,33.50444
130.8583351,33.83395369
130.4731058,33.62837942
130.712063,33.85702603
130.6920597,33.83075567
130.4793028,33.62981897
130.5047536,33.26129553
130.4818568,33.60336747
130.7735214,33.69975425
130.6729147,33.63432103
130.5179723,33.56838889
130.5376585,33.44831767
130.9348542,33.81916158
130.3227832,33.54215017
130.1881277,33.56805864
130.6887138,33.84906792
130.4874129,33.74938622
130.6316906,33.42504239
130.6904291,33.40710856
130.614426,33.32488014
130.4347441,33.09689694
130.7642608,33.85174619
130.2440419,33.56027628
130.8665619,33.790886
130.8787434,33.82935633
130.5783926,33.42937183
130.446789,33.56175872
130.7774303,33.68259003
130.7111623,33.69642386
130.5522784,33.26372439
130.536701,33.2963085
130.5143967,33.33375861
130.7385231,33.83939886
130.9898391,33.69512325
130.9856144,33.76646725
131.1275571,33.62059019
130.6434457,33.84529086
130.7736698,33.70128039
130.5081854,33.51301122
130.9560484,33.70119481
130.4944379,33.52875536
130.7871373,33.86228794
130.9961658,33.77106264
130.7708664,33.34625969
131.1745202,33.60679386
130.4972894,33.27640175
130.42039,33.49941358
130.5411238,33.23735722
130.7262281,33.36304028
130.8772678,33.80384439
130.4934046,33.73472544
130.4779694,33.54694767
131.1705913,33.59072492
130.9649861,33.7978875
130.9572926,33.94269931
130.6779118,33.64524408
130.7300473,33.636257
131.0000377,33.77969886
130.7052698,33.84981939
130.7343243,33.83758322
130.3838528,33.51134067
130.9663288,33.72982261
130.69053,33.85254497
130.9813032,33.76008844
130.9619837,33.95737861
130.7888482,33.86184289
130.460032,33.64094792
130.7546794,33.84119236
130.591024,33.31916733
130.8760779,33.88739053
130.4778498,33.74051225
130.7583378,33.82144886
130.7463695,33.84367072
130.7049214,33.85819772
130.7413126,33.86109436
130.7612432,33.85608711
130.673541,33.57313817
130.9765775,33.72133283
130.9065423,33.84336406
130.6694706,33.85119864
130.9856376,33.76645061
130.7421706,33.79849819
130.4130697,33.56958608
130.6914861,33.86694383
130.6325164,33.35713058
130.8296935,33.6392475
130.8593222,33.67674464
130.7940425,33.34714169
131.0360773,33.67306533
130.5363564,33.55671847
130.5798308,33.42775697
130.5836887,33.79722839
130.6331191,33.85294172
130.4711601,33.61275103
130.7051742,33.70505989
130.4189401,33.63532503
131.0043846,33.94516253
130.4376209,33.59066272
130.6110503,33.18626511
130.4912773,33.51316114
130.6054269,33.59772875
130.5188842,33.48307469
131.1437153,33.60811178
130.3688203,33.58249586
130.9125372,33.84119242
130.3129109,33.55169142
130.8793185,33.84753289
130.4361254,33.63139383
130.7942728,33.62417503
130.4926775,33.52692436
130.4166531,33.16136189
130.4164553,33.19043189
130.4847544,33.73504417
130.8177753,33.89456758
130.7298223,33.80088625
130.9680611,33.72065533
130.5062258,33.62125528
130.4881842,33.65224006
130.6819102,33.46482117
130.4507851,33.55245958
130.5195505,33.20609569
130.521068,33.48011603
130.4694172,33.61188544
130.5450343,33.43965081
130.4185256,33.514943
130.3163126,33.58610153
130.4796696,33.23205394
130.5415993,33.53645383
130.885283,33.85967969
130.898464,33.85293228
130.4357319,33.59754536
130.4186725,33.59763325
130.5411171,33.60519772
130.8639089,33.89746053
130.6911224,33.93130828
130.4705064,33.74498358
130.343554,33.55630364
130.6250123,33.84474344
130.7662669,33.863452
130.4096739,33.58181947
130.8701497,33.85856242
130.6562277,33.69078231
130.4498277,33.19428528
130.4706954,33.54399314
130.5560229,33.68391903
130.4201036,33.56663133
130.7251859,33.38536719
130.4160313,33.62611608
130.3128204,33.57932706
130.425562,33.59435111
130.3258358,33.56816939
131.0367843,33.67480308
130.7335591,33.89465275
130.7538897,33.81899689
130.829394,33.63858903
130.535711,33.296859
130.3443995,33.56836383
130.7494528,33.84849283
130.6576206,33.64167981
130.8885231,33.88015253
130.7312718,33.62938372
130.514063,33.20897753
130.6695998,33.64082097
130.5392831,33.80995247
130.4061761,33.53875089
130.5312783,33.29898042
130.9663619,33.72728425
130.4635754,33.09298439
130.3970198,33.58164292
130.9805451,33.87287894
130.5555303,33.33102628
130.7982205,33.86174792
130.8320173,33.89100092
130.8369055,33.33765
130.5162799,33.57444583
130.9543149,33.8104465
130.7320114,33.84607442
130.6689979,33.72321261
130.6744102,33.2132995
130.2344667,33.61430211
130.9500348,33.85447433
130.6688936,33.88113181
130.8545088,33.89097658
130.5798711,33.45789628
130.4176117,33.56741092
130.4307279,33.58538092
130.6058525,33.37169147
130.3984664,33.58618547
130.4120857,33.52359758
130.5245905,33.62474258
130.7772715,33.86872097
130.4333941,33.68863803
130.6821481,33.86393564
130.3100157,33.56871619
130.503953,33.51458292
130.8850569,33.8479415
130.4747894,33.72311075
130.9093573,33.84100994
130.6838265,33.58131628
130.4515729,33.02468792
130.3928916,33.53868211
130.7458559,33.82066436
130.3758691,33.57377792
130.5383881,33.48223069
130.7623948,33.88554508
130.4019536,33.55459394
130.8979518,33.84867281
130.4400701,33.66472711
130.7077003,33.39584275
130.8022508,33.86837092
130.8573117,33.89822586
130.5725481,33.31486358
130.6696319,33.38628556
130.8380353,33.81077214
130.9804262,33.75062908
130.4400152,33.65037225
130.3433078,33.53669403
131.0202929,33.69719
130.5095021,33.24899614
130.402088,33.57594506
130.4995743,33.51111933
130.5888611,33.80206214
130.9270431,33.83157922
130.9268259,33.83152347
130.3925843,33.54250347
130.6649086,33.65484378
130.3606574,33.58692
130.397394,33.58112692
130.8988987,33.84995808
130.7892468,33.86788583
130.4575629,33.61101664
130.6960164,33.86049889
130.4904536,33.74824075
130.8978151,33.85850703
130.8003309,33.61406608
130.9365865,33.90445969
130.8130162,33.87682008
130.4123016,33.55909283
130.4370364,33.58377797
130.7260292,33.63816778
130.5453532,33.52399536
130.6958525,33.86083856
130.6919144,33.89865233
130.852853,33.86369481
130.4961014,33.64716944
130.7442742,33.82506578
130.8595973,33.81543136
130.6682559,33.6485015
130.4858726,33.59133822
130.7226896,33.76360033
130.6571712,33.62287803
130.8500816,33.64842172
130.5120416,33.50403728
130.4060597,33.60818
130.44094,33.53982667
130.7273993,33.88281189
130.4694629,33.55419033
130.538064,33.48313481
130.4422803,33.56365861
130.3883668,33.56039192
130.9303238,33.82586447
130.8810083,33.85055544
130.3914484,33.54288897
130.7086624,33.81067531
130.4067062,33.53116644
130.498938,33.19188861
130.8204535,33.64932631
131.0735455,33.65046289
130.9848658,33.78306842
130.8271644,33.62040425
130.4948358,33.53139111
130.4834707,33.14835536
130.6167642,33.86722197
130.8424533,33.87884783
130.9654083,33.94613061
130.8426131,33.87831164
130.4395442,33.66374953
130.4513946,33.69198739
130.9902052,33.6947685
130.7340483,33.87983989
130.7283465,33.88159389
130.4613784,33.53135375
130.3204366,33.55437353
130.9077524,33.88470114
130.5182492,33.48321236
130.5305335,33.62812011
130.5409721,33.54839264
130.562098,33.24919603
130.3533151,33.58563147
130.6616159,33.57721222
130.5360165,33.44320736
130.4410801,33.22455739
130.4390332,33.00618514
130.6700293,33.62178181
130.869556,33.89056258
130.6495619,33.87137297
130.2617301,33.57736372
130.3188979,33.55942828
130.8732139,33.86548969
130.3699142,33.59594025
130.3559383,33.545911
130.4869704,33.63015433
130.4235254,33.58882625
130.5032466,33.51365136
130.4381913,33.03134372
130.5563092,33.51103628
130.5183623,33.57027233
130.3966984,33.59579478
130.9876416,33.75450328
130.6668763,33.80742225
130.8345186,33.90098781
130.4496995,33.52743256
130.4420909,33.043175
130.4832044,33.59018156
130.8242096,33.86335678
130.72745,33.74453578
130.6803165,33.65319186
130.4781933,33.63023203
130.7126292,33.85687172
130.4062437,33.53886833
130.5538229,33.79818089
130.4281947,33.55206003
130.6668778,33.84129472
130.9869932,33.76786303
130.476009,33.51397489
130.4510902,33.59230658
130.3570067,33.55877094
130.4719064,33.72855264
130.4304713,33.60499158
130.4971739,33.22780128
130.5225636,33.30022136
130.4350632,33.59307497
130.3442051,33.53849394
130.9283755,33.83953264
130.5187418,33.32471969
130.4283532,33.603075
130.8679171,33.82353336
130.4067422,33.21083989
131.1756199,33.56459917
130.5228511,33.57526686
130.5071308,33.56666719
130.8876969,33.86705136
130.4416131,33.02640833
130.4278444,33.54429225
130.3942327,33.59749517
130.4252787,33.55565833
130.3964009,33.58291692
130.4701023,33.74481286
130.8955893,33.86373386
130.5685318,33.21321933
130.9793761,33.68894442
130.5417047,33.44969097
130.5301754,33.31452947
130.8386126,33.86234711
130.263279,33.58184736
130.8083574,33.60847367
130.4074946,33.60438097
130.83978,33.63696589
130.7136829,33.75446422
130.5566784,33.21265372
130.5718882,33.31474308
130.424884,33.12752861
130.4404995,33.66821856
130.9786754,33.70181267
130.6620302,33.73485967
130.3639832,33.19135339
130.4410681,33.53993361
130.6765765,33.58501886
130.3786053,33.57838225
130.4135263,33.55359119
130.4491398,33.69674683
130.4113704,33.58014392
130.4510745,33.61326672
130.7403967,33.86293369
130.9306987,33.90526858
130.3160363,33.56788339
130.4229883,33.57184942
130.3682046,33.57347872
130.4864324,33.53674922
130.4828055,33.6351775
130.5360965,33.31131761
130.4379816,33.61026375
130.4613693,33.5315235
130.4765341,33.73058575
130.483509,33.77412644
130.6644891,33.72551964
130.7168849,33.82125989
131.1006312,33.61549817
130.4171681,33.5921385
130.4520268,33.54606978
130.9791381,33.92385286
130.3022364,33.56922908
130.3191387,33.56011503
130.4940085,33.63467403
130.5659243,33.44681961
130.3002418,33.49781994
130.4275789,33.53944603
130.5139153,33.51114239
130.4734413,33.52122803
130.4504326,33.59455714
130.5458223,33.52240525
130.2646574,33.59873
130.3196443,33.55788775
130.3642543,33.19123883
130.6728949,33.63523428
130.2383655,33.58375394
130.5085526,33.2299135
130.7974466,33.85913953
130.9371574,33.900939
130.4126143,33.55996547
130.5003694,33.3173215
130.3667124,33.53049914
130.4905953,33.63508464
130.9744138,33.80337975
130.3213311,33.53367864
130.6909556,33.62320847
130.4786391,33.61553331
130.5373784,33.48744358
130.5535111,33.31078856
130.9799236,33.75987739
130.7729357,33.86102514
130.5099711,33.62909806
130.9409204,33.90795853
130.426003,33.53257642
130.4949687,33.75813686
130.8102,33.86977442
130.4064202,33.58227989
130.4557301,33.57145169
130.8132793,33.87768106
130.7361811,33.88361236
130.5077623,33.31289147
130.8115762,33.86438483
130.7173616,33.76134747
130.4663231,33.72746892
130.4968501,33.52513767
130.3086311,33.57011983
130.6713909,33.64114572
130.5886319,33.80238342
130.8861036,33.88863497
130.4803327,33.629358
130.7231586,33.60784461
130.5359666,33.49424583
130.475787,33.61442847
130.3444977,33.56019361
130.3023066,33.56924717
130.8934396,33.87581158
130.9411046,33.91101406
130.4577185,33.55911942
130.4425037,33.66230756
130.3952374,33.58012133
130.445442,33.62836419
130.323154,33.58187303
130.8625761,33.83258508
130.7551529,33.71747328
130.879527,33.8588635
130.4303405,33.57741739
130.6891973,33.89030172
130.5112668,33.49744111
130.5721536,33.61659039
130.4402589,33.09674553
130.4523649,33.02307781
130.3578991,33.58299467
130.4121665,33.58738411
130.3378123,33.55974681
130.3685389,33.58283586
130.9262255,33.89054633
130.4141337,33.58367108
130.7301645,33.87924478
130.3928811,33.59411347
130.4569018,33.58313881
130.3931849,33.54219831
130.606495,33.40651456
130.4912856,33.28708275
130.5058211,33.49964667
130.8032019,33.91230606
130.4968839,33.26037639
130.8665932,33.87225647
130.5259058,33.31391117
130.7212664,33.84377844
130.4925411,33.5319775
130.5682039,33.21479544
130.4853026,33.53971697
130.5849944,33.21422939
130.4558758,33.61034492
130.4446658,33.62866178
130.5399116,33.26300517
130.4909528,33.51314711
130.4478612,33.21972772
130.5062271,33.32090822
130.889419,33.882891
130.6865376,33.63592797
130.5169059,33.48270294
130.6906991,33.73662594
130.3982379,33.59204011
130.4633843,33.63530492
130.6692436,33.64972283
130.4788683,33.58832639
130.4511866,33.60795197
130.8312026,33.65470733
130.518909,33.21152758
130.8910949,33.88292861
130.4624347,33.53051672
130.7096573,33.86902978
130.552182,33.24320661
130.9299257,33.82639539
131.1317257,33.62090689
130.7064019,33.62893686
130.6828892,33.65274258
130.6600986,33.63257186
130.8980928,33.86769308
130.8043872,33.87066578
130.6765248,33.63708453
130.4818615,33.52099175
130.5070012,33.22888322
130.4791232,33.57477253
130.7371804,33.76386789
130.7473361,33.77039219
130.4503434,33.61110092
130.2372553,33.56550633
130.3437238,33.55470178
130.4084718,33.61084811
130.5173495,33.58703736
130.4284955,33.61924361
130.5138383,33.31777483
130.3762754,33.56897789
130.696318,33.85215864
130.8039005,33.65206703
130.3375108,33.58749708
130.5012413,33.51597889
130.9511999,33.83876897
130.4566385,33.06007153
130.6595602,33.40790519
130.2239671,33.59121667
130.428082,33.54452761
130.4095497,33.5829545
130.7603326,33.82552594
130.6062416,33.41040825
130.500751,33.21576611
130.5690108,33.79113386
130.5160043,33.30213081
130.8183422,33.64312836
130.4344185,33.51914586
130.6236437,33.44241631
130.8736131,33.87190886
130.4496199,33.61702867
130.5434949,33.49534778
130.3935068,33.16775239
130.5083074,33.83986331
130.3169698,33.57161608
130.468071,33.06497636
130.578146,33.34236947
130.7848686,33.86702739
130.9784657,33.76337228
130.5645602,33.35060108
130.4402908,33.53954117
130.5076966,33.31985025
130.6611828,33.41222661
130.4559581,33.63287258
130.4365018,33.59173986
130.4930634,33.51200006
130.6918593,33.7784355
130.7844997,33.86517339
130.9741855,33.92857978
130.8651353,33.82727108
130.5092242,33.56792219
130.6692368,33.77517742
130.3919173,33.60090564
130.5412337,33.29304067
130.4971104,33.71031714
130.4588625,33.51559769
130.9667295,33.94894658
130.4134383,33.62159594
130.4169872,33.56616081
130.5109033,33.29935883
130.4515895,33.55681914
130.7310438,33.78025347
130.4821069,33.78823906
130.9687983,33.70096161
130.6862997,33.79133508
130.4170198,33.58663797
130.3977106,33.59759917
130.5421413,33.21671231
130.3296108,33.53243436
130.2623602,33.53347692
130.4486813,33.60516147
130.4010308,33.53658881
130.8247662,33.87255119
130.7172997,33.86593339
130.3625685,33.58554106
130.4517881,33.67205461
130.4521543,33.57456133
130.4417334,33.61053125
130.5449199,33.74999222
131.0461193,33.66923222
130.4834135,33.28218667
130.777641,33.67216811
130.429735,33.00669497
130.3146724,33.57612758
130.4175612,33.62985339
130.5288191,33.31430867
130.7867972,33.62929842
130.2736387,33.57231847
130.4745815,33.60543839
130.6686032,33.64089636
130.3123823,33.55475461
130.3747599,33.5760295
130.7317182,33.84484719
130.3369801,33.58164722
130.8129615,33.86738086
130.5339142,33.31215867
130.4422356,33.62231722
130.4098732,33.59753611
130.5248559,33.31472478
130.7498629,33.81098886
130.4844849,33.54651381
130.4746589,33.52971436
130.4876167,33.53833594
130.4970809,33.75752742
130.7520492,33.77164131
130.5289443,33.31512083
130.4414959,33.67280839
130.4800498,33.59029533
130.514458,33.49355
130.4428458,33.54545614
130.4816654,33.50719636
130.4918664,33.65223219
130.5289759,33.28900783
130.5215596,33.62287925
130.4838568,33.16025711
130.4942499,33.55350753
130.7201795,33.82289894
130.6675961,33.41582778
130.6744391,33.64577897
130.7383823,33.78708694
130.479737,33.59602925
130.5289177,33.78050578
130.3812089,33.57985689
130.4153208,33.60215972
130.5826014,33.21782594
130.4067379,33.55346353
130.7206134,33.82316189
131.0467276,33.65394386
130.4017903,33.58766889
130.3256317,33.58062169
130.4472128,33.57260892
130.4534704,33.60272608
130.774455,33.64729203
130.7239015,33.38413414
130.8204114,33.62329131
130.4682712,33.50824272
130.9799882,33.79473253
130.3379928,33.51000767
130.9758669,33.92724167
130.5574645,33.80889569
130.859455,33.67696111
130.6986353,33.6582985
130.6013316,33.45919111
130.3877139,33.20360628
130.4043627,33.60599058
130.4358143,33.60683053
130.8620265,33.89522858
130.5182776,33.50046553
130.4158146,33.58669903
130.4005704,33.57125617
130.9791199,33.77468775
130.4825624,33.59517203
130.5528709,33.31436947
130.4059152,33.59424069
130.9308556,33.906338
130.9989197,33.70891442
130.4371625,33.52432372
130.4710712,33.51787386
130.3983649,33.13722617
130.5783643,33.31589314
130.4631451,33.56538583
130.4009483,33.53268811
130.344032,33.53821647
130.4333084,33.4997815
130.4499634,33.0581825
130.4978364,33.71087514
130.574768,33.79284594
130.8344618,33.9011995
130.4355936,33.5047285
130.4278933,33.59665086
130.4405251,33.58349569
130.8082538,33.36505892
130.4407675,33.64495219
130.4292359,33.02603317
131.0550918,33.65783086
130.3725335,33.54200272
130.4427043,33.67020286
130.7089626,33.87052425
130.3637566,33.59084236
130.3445873,33.54326272
130.4098347,33.60279144
130.4260151,33.56133636
130.1020125,33.50406794
130.6765604,33.64165544
130.4688933,33.50944672
130.8099359,33.8648595
130.8675129,33.88939758
130.7615084,33.863166
130.415438,33.51774969
130.4384831,33.62285678
130.7206047,33.82465464
130.5423231,33.21764131
130.3880212,33.54048444
130.4709279,33.55433853
130.4724052,33.63808011
130.4328286,33.51834464
130.222079,33.56418489
130.977227,33.72835511
130.4896908,33.20120878
130.4002847,33.55447042
130.312762,33.55324514
130.8833414,33.84528328
130.8145771,33.62876772
130.8048695,33.90134833
130.4864808,33.15705628
130.2620164,33.57030225
130.3876506,33.57715311
130.7572288,33.85932814
130.4515479,33.54620286
130.3790488,33.57837953
130.4046201,33.17702778
130.4299094,33.51340083
130.5168629,33.48266722
130.6322835,33.59751369
130.8799931,33.84656736
130.4823101,33.63501347
130.3773012,33.57088172
130.5702938,33.31525728
130.4061253,33.60145114
130.4365991,33.60690297
130.8642142,33.82341847
130.4765088,33.62146086
130.9049039,33.68818589
131.1000542,33.61341997
130.5087648,33.24535003
130.8066533,33.915544
130.7346126,33.88101011
130.4862464,33.63639711
130.4780046,33.61527767
130.8265525,33.90105875
130.4081646,33.59726614
130.5910069,33.45096786
130.4882504,33.49875333
130.9581093,33.94264194
130.420333,33.62155986
130.86502,33.85862225
130.4143839,33.59028011
130.4115171,33.59250514
130.5322398,33.51420653
130.9817521,33.74638794
130.9789077,33.76773228
130.4763705,33.73387558
130.4595818,33.61134314
130.400452,33.5842785
130.3635352,33.54562236
130.4762453,33.73345642
130.9826305,33.78322197
130.4232725,33.69067256
130.4791839,33.57479183
130.4782653,33.54335756
130.3830776,33.58249214
130.5047171,33.31666203
130.4935594,33.53176319
130.3759279,33.21542539
130.4820307,33.60170017
130.4179628,33.66656158
130.6418331,33.84949158
130.6481294,33.42846594
130.5217037,33.57231208
130.4245116,33.66266519
130.3449669,33.54846506
130.4399066,33.61570481
130.5152377,33.51232208
130.5229971,33.63117444
130.4976131,33.52288456
130.4059488,33.54174575
130.4481011,33.69518947
130.4367317,33.60691075
130.6019527,33.34437231
130.7275734,33.78027214
130.2288355,33.59071672
130.4202346,33.56175056
130.6072922,33.59464594
130.901578,33.83841725
130.701261,33.83251797
130.4408208,33.64219608
130.4158444,33.55884528
130.7506239,33.72864183
130.5094684,33.2935915
130.6391357,33.84951125
130.8132763,33.84416858
130.9733617,33.94919133
130.8313955,33.87857947
130.8825143,33.86635764
130.4486634,33.63081278
130.4327431,33.00905811
130.6792613,33.57801486
130.4325949,33.53703925
130.2283997,33.55742458
130.5511876,33.24045872
130.7305064,33.75158481
130.6731814,33.80847428
130.7253464,33.85065506
130.5006418,33.31879942
130.7405988,33.86250758
130.5094757,33.77795439
130.2982628,33.66139358
130.4835211,33.53536144
130.792932,33.64823325
130.5973193,33.37240678
130.3375237,33.52534914
130.4736052,33.53475233
130.9025973,33.83815806
130.5354553,33.49441011
130.4936774,33.20849658
130.866339,33.88000111
130.6035401,33.40534631
130.7616749,33.85195497
130.4096861,33.59762319
130.4098352,33.57534397
130.7959817,33.91311503
130.4283453,33.55035803
130.8054014,33.68319992
130.866336,33.89222417
130.8479947,33.89911336
130.9338516,33.89635286
130.4528584,33.65465167
130.3998955,33.59641064
130.4931061,33.59220617
130.4782881,33.21929614
130.2467885,33.58798781
130.5305999,33.50399692
130.504847,33.51551889
130.6715449,33.60998125
130.4089632,33.55630847
130.9299123,33.83897469
130.8799796,33.86415472
130.426895,33.57393478
130.4176993,33.60704092
130.825147,33.89262525
130.4900866,33.74770856
130.4611658,33.72859086
130.3915381,33.58620956
130.4127216,33.60073331
130.3319776,33.56253936
130.9428862,33.92252578
131.0028461,33.72498811
130.9823574,33.77355672
130.4620771,33.5308725
130.4398423,33.62580672
130.4445556,33.57684086
130.7987338,33.61901883
130.558444,33.38568953
130.3817273,33.53951933
130.669115,33.62346603
130.4285773,33.56025392
130.5650793,33.81213408
130.739635,33.8454185
130.4102499,33.57010864
130.4024333,33.57551817
130.4631096,33.63262978
130.4082829,33.58013758
130.5059016,33.12479544
130.3227134,33.57618247
130.4820811,33.58309731
130.2149565,33.56302383
130.5020106,33.56640386
130.5058248,33.20858622
130.4191635,33.57707836
130.8925583,33.88320989
130.3903153,33.59024861
130.4504978,33.69525908
130.9279983,33.82791739
130.4826514,33.52936875
130.366448,33.54653228
130.6853976,33.66393639
130.4523733,33.62739675
130.4065822,33.53880794
130.8078024,33.90480986
130.8780405,33.84954353
130.4768687,33.72880497
130.3947876,33.54201744
130.6023942,33.81914503
130.7428747,33.54840242
130.8911878,33.86518617
130.8266209,33.89976575
130.5442019,33.48243417
130.8008588,33.87098375
130.4275111,33.54096769
130.4296498,33.54177511
130.4176423,33.57019619
130.4983172,33.51765253
130.4559528,33.56514847
130.4220219,33.58375153
130.4531698,33.7061765
130.8758156,33.87791178
130.5658374,33.80864808
130.6875934,33.66385589
130.7295197,33.76637892
130.4220973,33.69044139
130.5040253,33.51649733
130.5177236,33.31604872
130.5252285,33.31454064
130.7171006,33.86528814
130.3298944,33.56656689
130.4335445,33.61862178
130.5513526,33.21281625
130.7388183,33.8328005
130.7937271,33.67415297
130.7217864,33.81976994
130.5341709,33.28208975
130.3984585,33.53417469
130.407233,33.58140572
130.488084,33.74661178
130.546779,33.29884114
130.5409363,33.78342003
130.6779456,33.64626714
130.418939,33.59079708
130.8110384,33.90592731
130.4508316,33.02629331
130.3931808,33.53807369
130.514327,33.62284714
130.7927146,33.67785308
130.4401774,33.03112389
130.7980209,33.62121061
130.8792718,33.88420911
130.4202602,33.69987217
130.4342374,33.54946708
130.3805588,33.20215553
130.9649883,33.94732569
130.4443261,33.54692744
130.4451194,33.62817214
130.9469144,33.72880308
130.7245403,33.89917956
130.4380581,33.60881486
130.9805589,33.75709631
130.9787396,33.7670435
130.4095588,33.52855394
131.1409102,33.61899308
130.5262514,33.48856439
130.9690794,33.94878378
130.5440429,33.37956208
130.6490939,33.33286767
130.6558477,33.58216892
130.4749343,33.04350497
130.8575595,33.83235689
130.8880987,33.8645635
130.5381738,33.32058508
130.4285251,33.55581153
130.3224568,33.57295347
130.7292092,33.7422485
130.4749152,33.15072964
130.4728701,33.50739775
130.4517145,33.63065292
130.649669,33.33913561
130.4515658,33.52946303
130.4359739,33.64832397
130.5191733,33.32463875
130.4670198,33.01547256
130.4091261,33.59741378
130.4007285,33.57903147
130.2969154,33.56895958
130.3601463,33.57122708
130.3985178,33.58421375
130.4167138,33.59223858
130.4718504,33.57944969
130.3911078,33.5891095
130.4550063,33.54940342
130.7193748,33.88862561
130.1878515,33.53137622
130.527486,33.32449053
130.407764,33.58093289
130.7556083,33.84197064
130.522522,33.31581047
130.4645235,33.63644625
130.2996467,33.58082089
130.4280417,33.54157575
130.4139424,33.56683364
130.5133905,33.51110775
130.3621469,33.57494547
130.3210793,33.56240953
130.4469806,33.54893142
130.4504836,33.66065286
130.9500112,33.72608389
130.4978094,33.28148586
130.4537965,33.6822085
130.3747532,33.59025697
130.7048771,33.81645489
130.8217301,33.86346828
130.3317489,33.54977872
130.7209603,33.88658403
130.7345513,33.77080936
130.4494281,33.17346161
130.9019499,33.83841447
130.4073144,33.57492636
130.5540704,33.38810328
130.7287068,33.70421233
130.5117598,33.49129836
130.7031933,33.57136864
130.4241439,33.61854697
130.4370147,33.59196692
130.4265353,33.54192867
130.9486722,33.70103142
130.9385591,33.91313983
130.7316873,33.88040442
130.7138056,33.81508961
130.8135591,33.57370186
130.5370815,33.21082675
130.5251885,33.48079153
130.3675494,33.55183128
130.7515967,33.82757975
130.3836045,33.54314175
130.6961072,33.84848883
130.7470407,33.76975833
130.4101389,33.60990892
130.4971922,33.52331681
130.5073085,33.23944075
130.2607426,33.57882125
130.4371876,33.58360617
130.4326164,33.55469603
130.4404131,33.66510636
131.0181104,33.67132117
130.4559737,33.58496003
130.8334915,33.89883975
130.4256174,33.52791853
130.4858103,33.19532292
130.686366,33.61578764
130.4362748,33.64899408
130.4020741,33.58934014
130.7171307,33.38948222
130.6107094,33.41428308
130.4727409,33.51605417
130.4365539,33.69049764
130.4155205,33.68947533
130.4148034,33.57271958
130.3506614,33.54687414
130.8538429,33.87282961
130.8122661,33.64429933
130.4316741,33.23576253
130.4205819,33.57931842
130.7042268,33.79778983
130.4358136,33.58222186
130.4524618,33.03759497
130.7103277,33.86747081
130.3884767,33.54332356
130.9666482,33.94570264
130.8988014,33.87455625
130.8792672,33.87641225
131.0062306,33.93732711
130.6811925,33.6579135
130.814228,33.87947142
130.6031511,33.85265772
130.8116668,33.3630815
130.548898,33.80397192
130.8039294,33.86804006
130.8967559,33.84787328
130.5999281,33.81226033
130.3858688,33.58370864
130.9929415,33.71140925
130.4601622,33.79655731
130.4696404,33.5191535
130.5111222,33.32111922
130.5180039,33.55925661
130.4658433,33.73652361
130.2180584,33.58898831
130.7321821,33.83643053
130.416722,33.56424733
130.382744,33.23005611
130.5073235,33.23790764
130.4194754,33.54945378
130.4719386,33.73838525
130.8569881,33.87682264
130.66457,33.21181303
130.3912285,33.58737333
130.5692827,33.61750817
130.7201779,33.68165453
130.7185101,33.87974392
130.3480716,33.58692839
130.4591195,33.10628369
130.3745215,33.54577317
130.7455079,33.87143161
130.6865908,33.610972
130.4203898,33.57914697
130.9481199,33.82045261
130.8835539,33.86056894
130.3724724,33.57538103
130.8592233,33.87767358
130.6632782,33.72263158
130.3764661,33.55240825
130.8002832,33.86849322
130.2541342,33.57898181
130.4796804,33.52338186
130.4097501,33.59174653
130.5253881,33.56149283
130.4834891,33.54875819
130.4619468,33.61077117
130.7426241,33.79965853
130.5091708,33.76586642
130.5710393,33.46651753
130.7333773,33.86898417
130.5986194,33.4478815
130.9068583,33.84419047
130.7623771,33.86446672
130.495227,33.77130739
130.4163605,33.59259639
130.4260072,33.53292736
130.4054201,33.57321622
130.5097356,33.62167286
130.8470159,33.86992286
130.4584509,33.55596378
130.4487903,33.66553108
130.920648,33.89239481
130.7424496,33.76892992
130.4794265,33.53769461
130.4899357,33.52126369
130.5531288,33.24294464
130.5349667,33.31971664
130.318052,33.58346203
130.4046264,33.59408564
130.7247147,33.86145222
130.5405922,33.45820772
130.9343116,33.81843067
130.3750534,33.55234242
130.4366734,33.00585342
130.3273977,33.58320778
130.8870074,33.85788094
130.7005996,33.6377115
130.4399481,33.65361333
130.9217634,33.83157314
130.4006851,33.5402355
130.9675234,33.94572022
130.6907756,33.79285714
130.3431291,33.56700464
130.3927148,33.59394578
130.3626374,33.55275392
130.8006953,33.86904414
130.8807371,33.87601092
130.7342508,33.76911383
130.9510041,33.90521128
130.7539477,33.8417655
130.4886253,33.60038939
131.1279441,33.57947953
130.6980423,33.85724936
130.2556112,33.57280225
130.3817925,33.55930253
130.5259668,33.27220758
130.43246,33.57981792
130.989658,33.68828636
130.7289316,33.84476203
130.8570493,33.86318572
130.3367904,33.52433436
130.4553738,33.70876122
130.3501893,33.58168128
130.3001513,33.56939417
130.6824903,33.63060461
130.9052742,33.83744103
130.4068964,33.20940872
130.4245193,33.55814156
130.7246083,33.87829889
130.4431667,33.62876939
130.5295169,33.48419903
130.6302094,33.47887914
130.5212969,33.57418989
130.3478695,33.19737958
131.045145,33.66589222
130.4089588,33.68539172
130.5269617,33.48245467
130.7055866,33.70100767
130.3488042,33.56775108
130.4679771,33.18658239
130.7836695,33.86026744
130.508549,33.32171742
130.5547706,33.31969297
130.443819,33.50980275
130.4814631,33.15922897
130.4678582,33.51405358
130.4873328,33.50097947
130.3390804,33.54650914
130.3656668,33.57387789
130.5199196,33.285912
130.4870518,33.76150656
130.4756716,33.61712053
130.4531443,33.60323889
130.3402748,33.58754672
130.9753594,33.72373861
130.9272871,33.89768633
130.585051,33.43145233
130.9240784,33.84058389
130.4423964,33.60769142
130.9361914,33.84350308
130.8653059,33.89059539
130.5434566,33.48251553
130.4181025,33.60214533
130.444022,33.54041375
130.776941,33.68338308
130.4945466,33.62877739
130.4742682,33.53037294
130.752087,33.81828856
130.5086448,33.299115
130.7398052,33.82031603
130.8709589,33.78977203
130.3267408,33.54939711
130.4050274,33.54625297
130.4983821,33.63552653
130.4790545,33.04178103
130.4196519,33.62219164
130.5536077,33.39532236
130.506871,33.19825425
130.9547453,33.84801922
130.5104115,33.28520972
130.4432661,33.06217247
130.7384475,33.78026106
130.4010042,33.58183147
130.4101252,33.60488264
130.5487276,33.78498147
130.7319449,33.87009417
130.5495891,33.32130342
130.3931512,33.57331722
130.412862,33.58988567
130.4007425,33.57909828
130.9780835,33.86871492
130.4237363,33.66381089
130.3662173,33.58851456
130.5385725,33.47240553
130.4340435,33.53865983
130.6736701,33.60041308
130.6055377,33.37470867
130.4269216,33.65151006
130.3927577,33.55320661
130.3566272,33.58605469
130.4018168,33.582974
130.3874738,33.20426942
130.5254173,33.24303275
130.6691773,33.62688875
130.884239,33.88056331
130.4367613,33.58383739
130.6661294,33.76902178
130.4417079,33.64626764
130.4234431,33.51453842
130.5387317,33.48301847
130.4075023,33.592321
130.6899241,33.83875
130.7509752,33.84332819
130.3462506,33.54403311
130.5187421,33.32485389
130.4264174,33.54194978
130.7602638,33.84236786
130.4466243,33.54507397
130.3933725,33.57930028
130.6598022,33.83186922
130.8761062,33.86547719
130.4761463,33.58103914
130.8189659,33.89375986
130.9664497,33.7973495
130.7933244,33.85770467
130.3905617,33.60057164
130.7072484,33.73602803
130.8727621,33.87606325
130.6656976,33.58068081
130.5126816,33.33896014
130.9892259,33.85693461
130.979103,33.77598978
130.4483713,33.65429894
130.4412399,33.58327564
130.4218351,33.51461697
130.6724525,33.60391094
130.4293163,33.00615169
130.8707241,33.90574669
130.4277974,33.24625864
131.1481541,33.59406825
130.849657,33.90103828
130.6912325,33.73650961
130.5132703,33.57883506
130.5343938,33.27421539
130.3178581,33.55840439
130.4996658,33.62005386
130.4627405,33.56000753
130.7664678,33.86238453
130.8045891,33.86789772
130.6181409,33.41859542
130.4573658,33.53378914
130.590528,33.39927486
130.4121311,33.59649261
130.693793,33.90850489
130.5074456,33.31196906
130.4982658,33.21195606
130.8047196,33.61040647
130.4524869,33.54452164
130.8668038,33.87242478
130.5549454,33.41977297
130.3137421,33.56866058
130.7258442,33.74762025
130.4155345,33.61619411
130.7242944,33.76427944
130.7392517,33.89743611
130.1404781,33.51231569
130.4376189,33.60705019
130.4513117,33.69257539
130.461827,33.62981033
130.4387938,33.56721233
130.6909517,33.85288514
130.4895507,33.58242336
130.952341,33.85296978
130.4151226,33.59347256
130.5101303,33.31904364
130.7344389,33.77061819
130.275913,33.58026431
130.4962875,33.61252189
130.825461,33.89916944
130.6834886,33.64940172
130.8984845,33.83569411
130.4226032,33.61640456
130.5413676,33.44505489
130.3414983,33.56281039
130.4935672,33.53877703
130.4309605,33.51536097
130.4341077,33.54600631
130.7382789,33.86722742
130.7968713,33.87206742
130.1877304,33.53602564
130.952635,33.7279715
130.4819082,33.58822039
130.3177214,33.56640236
130.7121484,33.86935011
130.5454034,33.45847461
130.4133098,33.594779
130.4023914,33.57498839
130.3999681,33.60002256
130.899442,33.83530842
130.4390114,33.66012739
130.9088851,33.84863242
130.414007,33.59403717
130.8756685,33.88690836
130.4689871,33.51733317
130.5086734,33.29332822
130.5580984,33.81483664
130.3126005,33.55463181
130.8761907,33.834257
130.7601331,33.84193525
130.4654073,33.53310583
130.9140721,33.69636278
130.4446309,33.63115858
130.3181033,33.56626978
130.4189301,33.54138589
130.4103299,33.59359411
130.4449842,33.57633786
130.4283007,33.55418058
130.4375654,33.60726178
130.5051489,33.27932739
130.8561646,33.70398872
130.8979676,33.86894708
130.5254419,33.77850372
130.7420347,33.34437536
130.8261877,33.89085572
130.4126873,33.57472378
130.4304693,33.02800475
130.5391374,33.31376236
130.5830973,33.43761792
130.5476731,33.45189736
130.8594107,33.80228211
130.1558334,33.51741344
130.8441241,33.87993567
130.390291,33.58379406
130.76156,33.86118111
130.4261611,33.60676911
130.6747148,33.62020411
130.3892968,33.56597017
130.4338435,33.57520678
130.4807871,33.73863819
130.3774046,33.55805972
130.9672175,33.72810228
130.398093,33.57986547
130.327296,33.58765653
130.9434406,33.84487742
130.4275909,33.53957908
130.4229126,33.60778942
130.659438,33.64151347
130.5168086,33.50765781
130.4665368,33.54133089
130.70477,33.62798511
130.8098137,33.60647678
130.5372328,33.30715872
130.9327457,33.81691833
130.719351,33.63426842
130.8706139,33.87584525
130.5543582,33.32884425
130.795226,33.86925872
130.4002885,33.5894235
130.5831632,33.43730403
130.851184,33.87350433
130.5359354,33.21654972
130.2571972,33.57351606
130.3974083,33.58115028
130.4274164,33.61535881
130.4896087,33.51590389
130.5153019,33.48697272
130.60825,33.74297169
130.3979164,33.58667358
130.4055029,33.57323997
130.4251496,33.12614789
130.4332554,33.70296056
130.4282258,33.60965111
130.4464414,33.51714903
130.5067401,33.15001014
130.8508565,33.88766464
130.6350398,33.43500661
130.4608978,33.563389
130.3201367,33.59139128
130.8514739,33.65688036
130.8147808,33.80655072
130.5046054,33.29939781
130.8788312,33.84583286
130.4813597,33.74772836
130.495524,33.50861486
130.4991089,33.50535308
130.4685979,33.78800397
130.4388241,33.58602658
130.7060228,33.89123006
130.4231286,33.51259372
130.203491,33.55297028
130.5822305,33.39920986
130.9210374,33.89261658
130.5099133,33.30460681
130.369532,33.57399497
130.4319947,33.59880767
130.4384612,33.53915464
130.8170593,33.59960392
130.4249897,33.01094983
130.6096853,33.86838972
130.5360843,33.22176419
130.7948009,33.868678
130.5310803,33.57680525
130.7850326,33.65560544
130.7129327,33.56452678
131.0578086,33.65407947
130.3955244,33.59508894
130.3101768,33.56754431
130.4205291,33.50662258
130.3967106,33.58818347
130.5172471,33.31628678
130.485333,33.545529
130.9590206,33.86077567
130.4541848,33.67263778
130.4445058,33.54659861
130.4332926,33.02453472
130.392733,33.52618792
130.8453777,33.890479
130.5161672,33.27437517
130.5015345,33.20867247
130.7559109,33.88654461
130.9315777,33.83192236
130.4380031,33.67793144
130.6090031,33.71766872
130.3134434,33.55887539
130.7127373,33.88140292
130.5354282,33.49314825
130.4362008,33.71166494
130.4397281,33.056457
130.5092379,33.12876725
130.1253308,33.50836719
130.4421071,33.1641535
130.4200779,33.62320275
130.8429117,33.88329992
130.9177066,33.89495664
130.5075138,33.23807692
130.5170195,33.48507936
130.7619739,33.64150264
130.9048958,33.83665553
130.3843152,33.59462639
130.4095069,33.57871872
130.9586759,33.80670872
130.5110984,33.310193
130.3992463,33.59032203
130.4101915,33.5465815
130.5545351,33.51181225
130.9313236,33.83842272
130.9321946,33.83792456
130.4355879,33.53248586
130.2252202,33.56507878
130.5009113,33.50599661
130.7241872,33.80202011
130.4561325,33.55731211
130.5354476,33.29134333
130.4550782,33.53706914
130.4451138,33.51307539
130.4383691,33.61167717
130.7237746,33.78316339
130.4054909,33.57411275
130.4028472,33.59396886
130.7013228,33.62603075
130.4622037,33.56461475
130.3371663,33.50214403
130.8359916,33.66460972
130.0974623,33.57476908
130.7798524,33.70334311
130.6262895,33.73049761
130.4046411,33.16731664
130.6828514,33.65763322
130.8563813,33.89333478
130.6321621,33.74493933
130.8427056,33.62968278
130.3888529,33.59983689
130.4077141,33.59232114
130.9782368,33.89283525
130.4292792,33.62634464
130.4109256,33.57709067
130.756988,33.88669569
130.8649383,33.82734125
130.4222327,33.25255433
130.4248397,33.132258
130.5583561,33.39734522
130.3315911,33.53592797
130.9750643,33.80387058
130.3315193,33.53643039
130.7209255,33.38744439
130.4374515,33.11062317
130.6764817,33.63652175
131.0976185,33.61768011
130.8339327,33.87808
130.4568063,33.72329644
130.7222854,33.86598397
130.4220537,33.25193231
130.4546059,33.50574736
130.5001419,33.77023211
130.6696196,33.81269025
130.7377005,33.83461594
130.3927896,33.57908264
130.428446,33.00768747
130.4091767,33.53923261
130.9374408,33.84384822
130.6237984,33.37182242