<?xml version="1.0" encoding="UTF-8"?>
<metadata xml:lang="es"><Esri><CreaDate>20190607</CreaDate><CreaTime>15364300</CreaTime><ArcGISFormat>1.0</ArcGISFormat><SyncOnce>TRUE</SyncOnce><DataProperties><lineage><Process ToolSource="c:\program files (x86)\arcgis\desktop10.7\ArcToolbox\Toolboxes\Conversion Tools.tbx\RasterToPolygon" Date="20190530" Time="085958">RasterToPolygon salinas "Z:\GESTIÓN NÁUTICA\PRODUCTOS TEMATICOS\APOYO_DESARROLLO\2019\GNA_DON_202_S1052_TSU\02_GEN_GEOINFO\VECTOR\ARE_INUN.shp" SIMPLIFY VALUE SINGLE_OUTER_PART #</Process></lineage></DataProperties></Esri></metadata>
